Vorname,Nachname,Unternehmen,Strasse,Hausnummer,PLZ,Stadt,Geburtsdatum,KundeSeit,Telefonnummer,Email,IBAN
Dimitri,Schuster,Stiffel Lehmann GmbH & Co. KG,Henkstraße,7,37894,Einbeck,25-06-1986,2017-05-01,04855134193,Dimitri.Schuster@stiffel-lehmann-gmbh-co-kg.de,DE02948449379801973421
Hendrik,Börner,Krein GmbH & Co. KGaA,Amelie-Henk-Allee,3/8,19922,München,03-04-1996,2012-12-17,+49(0)2857 437920,Hendrik.Börner@krein-gmbh-co-kgaa.de,DE89829747850042464814
Reiner,Knappe,Pruschke Seip AG,Liliana-Hartmann-Allee,39,76236,Herford,13-11-1972,2003-01-14,+49(0) 328824334,Reiner.Knappe@pruschke-seip-ag.de,DE79618016512909858022
Dursun,Kühnert,Fischer KG,Rebekka-Anders-Platz,175,20780,Gerolzhofen,11-11-1972,2006-12-09,(03216) 70090,Dursun.Kühnert@fischer-kg.de,DE40852210097652324297
Albina,Klemm,Franke Grein Groth GmbH & Co. KGaA,Francisco-Röhricht-Ring,624,08813,Lichtenfels,12-03-1995,2011-06-15,(01978) 22711,Albina.Klemm@franke-grein-groth-gmbh-co-kgaa.de,DE79025954697573144711
Siegrid,Rose,Mentzel,Annelies-Schmiedt-Gasse,0,23880,Tuttlingen,18-07-1982,2009-05-22,05383 877179,Siegrid.Rose@mentzel.de,DE63982166066622576819
Karlfried,Johann,Krause Stiftung & Co. KG,Magdalena-Bauer-Allee,5/1,97238,Malchin,07-07-1988,2019-03-24,05164357027,Karlfried.Johann@krause-stiftung-co-kg.de,DE53658532608964466562
Hans Dieter,Hahn,Bolnbach e.V.,Staudeplatz,81,37729,Niesky,28-02-1978,2020-06-20,+49(0)3048539394,Hans Dieter.Hahn@bolnbach-e-v-.de,DE08307116957762300936
Mahmut,Berger,Gude GmbH & Co. OHG,Traugott-Döhn-Allee,7/3,49147,Jülich,28-05-1975,2010-06-21,+49(0)1685437341,Mahmut.Berger@gude-gmbh-co-ohg.de,DE48684335600728087477
Veronique,Riehl,Bähr,Mustafa-Seidel-Straße,2/3,81234,Luckau,17-05-1993,2017-03-29,+49 (0) 5960 468522,Veronique.Riehl@bähr.de,DE56187451297986775273
Joachim,Grein Groth,Sorgatz,Jesselgasse,5,03449,Hünfeld,11-10-1974,2008-04-19,+49(0)2345 80407,Joachim.Grein Groth@sorgatz.de,DE29576938710831378824
Olaf,Krebs,Salz,Evelin-Seidel-Gasse,020,65298,Altentreptow,02-03-1988,2002-06-16,+49(0) 525952986,Olaf.Krebs@salz.de,DE03830787555829256770
Cristina,Schmiedt,Steckel Kuhl GmbH & Co. OHG,Schuchhardtgasse,785,22606,Wernigerode,30-03-1971,2013-03-16,(06922) 488745,Cristina.Schmiedt@steckel-kuhl-gmbh-co-ohg.de,DE41957153360818038253
Adolfine,Schmiedt,Heinrich GmbH,Tomislav-Johann-Gasse,39,17029,Eckernförde,16-09-1997,2007-06-23,+49(0)8471 51047,Adolfine.Schmiedt@heinrich-gmbh.de,DE76168671449543890968
Ute,Trüb,Butte KG,Klotzgasse,4/1,78902,Zerbst,14-06-1987,2001-07-28,+49(0)6738 164343,Ute.Trüb@butte-kg.de,DE65911761760652752123
Zbigniew,Schuster,Mans KG,Stahrring,7/9,49142,Greiz,28-08-1984,2008-02-05,+49(0) 762005644,Zbigniew.Schuster@mans-kg.de,DE46818190046679709225
Patrizia,Kallert,Trapp GmbH & Co. KG,Jens-Stiebitz-Weg,820,76023,Weißwasser,01-06-1987,2013-05-01,07468240788,Patrizia.Kallert@trapp-gmbh-co-kg.de,DE87640138215298304889
Mirjam,Hornich,Heydrich,Olivia-Linke-Platz,91,56228,Leipziger Land,14-04-1977,2016-05-09,(08487) 965094,Mirjam.Hornich@heydrich.de,DE15358324737990744854
Ilija,Rogge,Lachmann Kohl GmbH,Atzlerstr.,3,81339,Wanzleben,14-04-1998,2020-04-02,+49(0)7030 70721,Ilija.Rogge@lachmann-kohl-gmbh.de,DE09386258254407145949
Sophie,Käster,Höfig,Horniggasse,9/9,66241,Kleve,27-09-1993,2019-01-31,(04202) 95619,Sophie.Käster@höfig.de,DE07911180323270825431
Sigrid,Röhrdanz,Holsten GmbH & Co. KG,Beckerplatz,8/1,11672,Sondershausen,10-09-1977,2014-12-06,+49(0)6263 494377,Sigrid.Röhrdanz@holsten-gmbh-co-kg.de,DE32981451481185669598
Juri,Eberth,Trommler,Vesna-Weinhage-Straße,7/8,59621,Schwerin,28-12-1972,2007-09-15,(02934) 88551,Juri.Eberth@trommler.de,DE66341113922567202826
Laszlo,Scheibe,Hofmann,Salvatore-Bohlander-Gasse,329,37271,Neubrandenburg,31-08-1993,2013-09-12,07535 316630,Laszlo.Scheibe@hofmann.de,DE38420278356425266789
Riza,Stumpf,Kabus Rogge AG & Co. OHG,Werneckeweg,3/6,00018,Bremervörde,09-04-1981,2017-04-08,+49(0) 883465845,Riza.Stumpf@kabus-rogge-ag-co-ohg.de,DE90410485840062467936
Alois,Metz,Schwital Schmiedt AG & Co. KGaA,Ingrid-Bolander-Allee,1/6,91713,Eisenach,18-11-1995,2005-06-28,04485389842,Alois.Metz@schwital-schmiedt-ag-co-kgaa.de,DE64647525006043285564
Berthold,Schulz,Schleich Köhler AG,Simona-Metz-Ring,7,66204,Kamenz,02-04-1991,2015-01-17,(01227) 977327,Berthold.Schulz@schleich-köhler-ag.de,DE25690345381170515190
Bogdan,Kohl,Wagner Naser AG,Meisterplatz,2/3,21815,Beilngries,31-12-1982,2016-06-29,+49(0)5496 99517,Bogdan.Kohl@wagner-naser-ag.de,DE79520985314663044081
Ortwin,Birnbaum,Hörle AG,James-Beer-Straße,6,24168,Hohenstein-Ernstthal,13-06-1992,2004-04-14,(00480) 87199,Ortwin.Birnbaum@hörle-ag.de,DE70097476876464258517
Franz Josef,Kitzmann,Dussen van AG,Slobodan-Hölzenbecher-Ring,8/7,07212,Paderborn,09-12-1980,2011-05-30,0100370127,Franz Josef.Kitzmann@dussen-van-ag.de,DE51828407255178028942
Cilly,Weller,Noack Mies Stiftung & Co. KGaA,Heimo-Krein-Allee,26,73717,Schwerin,25-08-1970,2017-08-20,(01746) 67292,Cilly.Weller@noack-mies-stiftung-co-kgaa.de,DE80526867093376924085
Frederic,Blümel,Wirth GmbH & Co. OHG,Leopoldine-Pölitz-Allee,6/9,03726,Demmin,30-04-1980,2017-11-20,+49(0)6882274660,Frederic.Blümel@wirth-gmbh-co-ohg.de,DE17897306507310878399
Karen,Hartmann,Ziegert,Klaudia-Christoph-Weg,53,61110,Rostock,26-10-1983,2004-04-21,+49 (0) 1133 042644,Karen.Hartmann@ziegert.de,DE70427453719525215722
Adriana,Schacht,Herrmann,Heimo-Hübel-Allee,0,11702,Erding,05-02-1990,2002-03-09,02200 334333,Adriana.Schacht@herrmann.de,DE87373349138405554015
Eckhart,Preiß,Koch II Stiftung & Co. KGaA,Kathrin-Hänel-Allee,277,09310,Büsingen am Hochrhein,23-02-1979,2005-06-27,05801 87628,Eckhart.Preiß@koch-ii-stiftung-co-kgaa.de,DE96712184445188995453
Lina,Jähn,Ackermann KG,Ayse-Beer-Straße,5/3,98728,Stadtsteinach,27-06-1970,2019-04-05,(08674) 567605,Lina.Jähn@ackermann-kg.de,DE05841885566990273681
Deborah,Henk,Köster Hermighausen GbR,Hans-Henning-Schottin-Ring,1,78264,Pinneberg,02-05-1975,2001-11-13,+49(0)1129 569285,Deborah.Henk@köster-hermighausen-gbr.de,DE25167744786617159159
Niklas,Schweitzer,Rust GmbH & Co. OHG,Arnd-Hein-Straße,5/0,22825,Pegnitz,27-02-1972,2011-09-18,07241043614,Niklas.Schweitzer@rust-gmbh-co-ohg.de,DE63850494375876056623
Tibor,Losekann,Schmiedecke AG & Co. OHG,Buchholzgasse,3/1,54001,Kulmbach,28-09-1983,2001-11-23,(02370) 54240,Tibor.Losekann@schmiedecke-ag-co-ohg.de,DE80577150004109869129
Ingo,Seifert,Hermann Wernecke KG,Hillerstr.,514,39095,Osterburg,30-11-1989,2001-02-04,06008 23162,Ingo.Seifert@hermann-wernecke-kg.de,DE17588008214581744852
Erica,Grein Groth,Ebert AG,Schuchhardtgasse,6/6,39311,Hofgeismar,24-01-1974,2012-09-25,+49(0)9555 11081,Erica.Grein Groth@ebert-ag.de,DE76684136875096287385
Gerwin,Gorlitz,Gerlach Niemeier Stiftung & Co. KG,Wulffplatz,3/6,51836,Bruchsal,05-04-1998,2001-11-28,(06935) 18917,Gerwin.Gorlitz@gerlach-niemeier-stiftung-co-kg.de,DE20221062995576318683
Hedda,Roskoth,Jessel GmbH,Loosallee,2/4,03870,Greifswald,29-03-1972,2001-10-24,+49(0)4651 31926,Hedda.Roskoth@jessel-gmbh.de,DE82882471735463573561
Tibor,Römer,Gorlitz,Hübelplatz,241,48117,Lübz,15-06-1998,2009-12-13,+49(0)1117592208,Tibor.Römer@gorlitz.de,DE20093492602678920771
Willy,Buchholz,Sauer AG,Hentschelring,9/0,78143,Soltau,29-12-1977,2003-11-26,+49(0) 218828858,Willy.Buchholz@sauer-ag.de,DE34783259083411467261
Mia,Schmiedecke,Trommler GmbH,Rosemannstr.,9,65225,Dinslaken,18-02-1971,2001-11-01,+49(0)3740 722101,Mia.Schmiedecke@trommler-gmbh.de,DE05081347390354124943
Songül,Hänel,Stiffel AG & Co. OHG,Buttestraße,0/9,23380,Rothenburg ob der Tauber,29-05-1998,2015-02-11,00128 032026,Songül.Hänel@stiffel-ag-co-ohg.de,DE11914277926927347573
Thilo,Scheel,Kallert GmbH,Schleichring,9/5,75900,Kaiserslautern,28-05-1979,2015-09-07,08389 18606,Thilo.Scheel@kallert-gmbh.de,DE65169878514567832808
Recep,Hornig,Benthin GmbH & Co. OHG,Jacobplatz,2,39832,Wolmirstedt,23-03-1975,2010-03-18,0280474708,Recep.Hornig@benthin-gmbh-co-ohg.de,DE11769065434287023801
Fedor,Etzler,Heinrich Schmiedt AG,Amelie-Franke-Ring,49,72539,Gießen,25-04-1992,2002-10-01,+49 (0) 6366 253335,Fedor.Etzler@heinrich-schmiedt-ag.de,DE36991457551141000709
Edda,Scheibe,Röhrdanz GmbH & Co. KGaA,Kristine-Wähner-Allee,836,63642,Wanzleben,26-12-1997,2019-03-05,09254 81466,Edda.Scheibe@röhrdanz-gmbh-co-kgaa.de,DE28279975662684018143
Sarah,Gotthard,Ackermann,Margrafplatz,00,37303,Fürstenfeldbruck,10-07-1991,2005-02-13,+49(0)7074161269,Sarah.Gotthard@ackermann.de,DE39480867736207759632
Daniela,Mohaupt,Siering GbR,Tino-Klingelhöfer-Ring,3/2,35336,Suhl,22-08-1994,2013-02-05,+49(0)2365 240933,Daniela.Mohaupt@siering-gbr.de,DE28712976860981346055
Ismet,Kambs,Jopich,Kargegasse,38,02085,Bremervörde,16-07-1991,2015-08-29,+49 (0) 0529 509223,Ismet.Kambs@jopich.de,DE28247818410243027441
Canan,Gutknecht,Hecker KG,Theobald-Riehl-Straße,7/6,34999,Rothenburg ob der Tauber,26-05-1983,2009-05-01,0716812456,Canan.Gutknecht@hecker-kg.de,DE70109078374809317737
Erik,Vogt,Heinrich GbR,Suzanne-Jäkel-Weg,73,30489,Potsdam,05-06-1979,2014-12-13,00908 452240,Erik.Vogt@heinrich-gbr.de,DE36120278237219381016
Alfredo,Bender,Noack AG & Co. KGaA,Anna-Luise-Neuschäfer-Straße,1,66088,Mainburg,28-02-1987,2007-06-23,(04386) 177350,Alfredo.Bender@noack-ag-co-kgaa.de,DE47440527768803157089
Irmingard,Bonbach,Kohl GmbH & Co. OHG,Wilmsenstraße,840,15971,Zossen,26-09-1990,2006-12-22,01072909113,Irmingard.Bonbach@kohl-gmbh-co-ohg.de,DE54079384108650638579
Ramon,Weitzel,Hartung Köster e.G.,Bonbachstraße,9/2,70538,Tecklenburg,29-10-1996,2015-08-02,06039040593,Ramon.Weitzel@hartung-köster-e-g-.de,DE48075063954163296019
Falk,Hoffmann,Trupp Hornig AG,Alexa-Mans-Ring,7/9,04392,Gotha,01-04-1988,2010-01-13,+49(0)6786 81531,Falk.Hoffmann@trupp-hornig-ag.de,DE72475296043631324142
Judith,Jockel,Geisel,Donata-Rogner-Weg,723,80437,Strasburg,30-05-1982,2019-10-03,+49(0)1784617867,Judith.Jockel@geisel.de,DE47236590253443931526
Jakob,Lorch,Schwital,Ella-Seidel-Straße,21,77871,Neustadtner Waldnaab,14-12-1984,2019-09-05,+49(0)8115 42684,Jakob.Lorch@schwital.de,DE97955838453307163294
Janko,Sauer,Grein Groth Thanel GbR,Lissi-Ritter-Ring,6/1,42705,Rathenow,12-12-1998,2001-02-27,(01568) 630514,Janko.Sauer@grein-groth-thanel-gbr.de,DE21651087682384287216
Nick,Mentzel,Jähn Sorgatz GmbH & Co. KGaA,Heinz-Josef-Spieß-Gasse,44,54946,Tuttlingen,04-01-1981,2009-10-25,+49(0)5983939598,Nick.Mentzel@jähn-sorgatz-gmbh-co-kgaa.de,DE10482368911884279665
Reinhart,Jockel,Beier,Haeringstraße,468,42683,Tecklenburg,12-09-1987,2020-07-16,(09503) 604771,Reinhart.Jockel@beier.de,DE65659139435751597300
Rahel,Hethur,Nohlmans,Naserstraße,1/3,37398,Konstanz,19-02-1983,2008-07-04,+49 (0) 3984 844283,Rahel.Hethur@nohlmans.de,DE92719095106762788496
Margaret,Girschner,Kallert,Krauseallee,58,39904,Neuss,28-06-1983,2003-03-25,+49(0) 175109435,Margaret.Girschner@kallert.de,DE82327204567812112311
Arne,Schomber,Budig AG,Günter-Jungfer-Straße,255,88300,Kaiserslautern,19-08-1984,2011-03-31,(04464) 55178,Arne.Schomber@budig-ag.de,DE28588198859907782313
Friedhelm,Heydrich,Barkholz AG & Co. KGaA,Hans-Ludwig-Wiek-Allee,431,56662,Haldensleben,10-02-1977,2010-06-05,(09033) 25147,Friedhelm.Heydrich@barkholz-ag-co-kgaa.de,DE14167614745461352271
Josephine,Beyer,Bolzmann Förster Stiftung & Co. KG,Kallertgasse,0/2,89263,Hildburghausen,18-09-1979,2006-11-09,0572570574,Josephine.Beyer@bolzmann-förster-stiftung-co-kg.de,DE71544914628516644007
Kreszenz,Eigenwillig,Ullmann,Marianne-Krebs-Straße,24,49868,Niesky,21-05-1986,2003-07-10,0380493255,Kreszenz.Eigenwillig@ullmann.de,DE02980630860840937182
Zenta,Hesse,Heuser Rudolph AG & Co. KGaA,Jesselplatz,9,55634,Spremberg,05-11-1971,2005-09-06,+49(0)0925 676840,Zenta.Hesse@heuser-rudolph-ag-co-kgaa.de,DE38174583098666890912
Franz,Sager,Speer,Marisa-Lehmann-Ring,8/4,15559,Moers,17-11-1972,2010-01-11,0567393645,Franz.Sager@speer.de,DE69556959098901789334
Ehrhard,Löwer,Kuhl Renner GmbH & Co. KG,Heßring,30,41114,Auerbach,26-12-1984,2001-08-06,+49(0) 815537584,Ehrhard.Löwer@kuhl-renner-gmbh-co-kg.de,DE97363387029145472028
Severin,Knappe,Riehl Buchholz AG & Co. KGaA,Etzlerallee,3,87424,Hamburg,13-02-1994,2015-11-15,01927 61110,Severin.Knappe@riehl-buchholz-ag-co-kgaa.de,DE15979652172345468541
Ottilie,Carsten,Reinhardt Ruppersberger AG & Co. KG,Waltrud-Käster-Allee,29,70496,Eutin,23-05-1998,2016-03-01,+49(0)7795 61959,Ottilie.Carsten@reinhardt-ruppersberger-ag-co-kg.de,DE69133788509774181112
Semra,Möchlichen,Aumann,Lehmannstr.,3,21067,Siegen,18-02-1985,2011-09-25,(09864) 50447,Semra.Möchlichen@aumann.de,DE42491104063108425864
Gilbert,Seifert,Pieper,Kallertstr.,0/7,18903,Eichstätt,03-03-1970,2014-09-11,(02372) 041428,Gilbert.Seifert@pieper.de,DE42902153840604008634
Dorit,Gehringer,Jacobi Jäckel Gorlitz GmbH & Co. KG,Girschnerallee,4/9,84702,Strasburg,24-07-1983,2013-02-24,(04260) 924680,Dorit.Gehringer@jacobi-jäckel-gorlitz-gmbh-co-kg.de,DE62382766306231536561
Catherine,Stumpf,Pärtzelt AG,Trudel-Weihmann-Ring,3,59998,Lobenstein,08-03-1987,2013-03-08,07386334625,Catherine.Stumpf@pärtzelt-ag.de,DE84267865957069299798
Maurizio,Winkler,Kroker GmbH & Co. KG,Barthstraße,4,51019,Kaiserslautern,02-04-1985,2007-11-22,04632 633406,Maurizio.Winkler@kroker-gmbh-co-kg.de,DE42525577718279098608
Petros,Trubin,Hartmann,Karl-Heinz-Geisler-Platz,3/3,38034,Gadebusch,22-12-1993,2008-11-12,(01864) 687701,Petros.Trubin@hartmann.de,DE52273114958915272874
Elma,Lachmann,Scholtz,Schaafring,4,28872,Starnberg,04-12-1997,2018-10-14,+49(0)0597880268,Elma.Lachmann@scholtz.de,DE59666280697888605760
Toralf,Losekann,Steckel GmbH,Freia-Kambs-Gasse,2/6,01619,Bad Kissingen,15-02-1970,2016-07-13,+49(0)5337 462726,Toralf.Losekann@steckel-gmbh.de,DE32492655948579241570
Horst,Hermann,Trupp Jessel GmbH & Co. KG,Kranzplatz,9,79031,Sankt Goar,06-01-1993,2014-11-09,(08305) 301593,Horst.Hermann@trupp-jessel-gmbh-co-kg.de,DE83064796734518220075
Siglinde,Killer,Conradi GmbH,Diane-Zänker-Gasse,5,32393,Starnberg,15-05-1998,2009-11-18,(00511) 25139,Siglinde.Killer@conradi-gmbh.de,DE83474373084325813268
Hannelore,Etzler,Blümel Baum GbR,Schönlandallee,4/5,75480,Zeulenroda,31-10-1971,2016-03-02,01615745357,Hannelore.Etzler@blümel-baum-gbr.de,DE75330436411788085702
Elma,Warmer,Martin GbR,Blochstraße,8/9,20254,Schwäbisch Hall,29-10-1979,2011-10-08,+49(0)1727 80376,Elma.Warmer@martin-gbr.de,DE04168844994795496858
Juliana,Boucsein,Etzold,Gunpfstraße,81,40797,Sankt Goarshausen,28-04-1982,2008-08-18,+49(0)3558153591,Juliana.Boucsein@etzold.de,DE53650273837714589610
Niels,Sorgatz,Pechel Stiftung & Co. KGaA,Rörrichtweg,648,92695,Lörrach,25-05-1999,2010-06-14,(07741) 747124,Niels.Sorgatz@pechel-stiftung-co-kgaa.de,DE39992937952441512820
Markus,Hentschel,Schulz,Anneke-Gröttner-Allee,1,57147,Hofgeismar,27-06-1972,2003-10-03,(03949) 62017,Markus.Hentschel@schulz.de,DE72871327031686109016
Jost,Freudenberger,Trub,Nergerallee,7/3,27044,Fürstenwalde,02-07-1973,2003-02-25,+49(0)5241 72565,Jost.Freudenberger@trub.de,DE50327807580064446550
Karl-Josef,Lindau,Jähn Hentschel e.G.,Dussen vangasse,5,39578,Suhl,17-09-1982,2018-08-03,06569 581402,Karl-Josef.Lindau@jähn-hentschel-e-g-.de,DE36015561558880377168
Friedemann,Gierschner,Karge,Valentina-Gehringer-Ring,0/1,55983,Mayen,23-11-1980,2019-05-23,+49(0)5124985401,Friedemann.Gierschner@karge.de,DE24992554855136960097
Leonore,Schüler,Kraushaar,Sigismund-Eimer-Gasse,7/0,15166,Marienberg,01-03-1977,2003-08-02,+49(0)6112680258,Leonore.Schüler@kraushaar.de,DE50887264406063469963
Vanessa,Ullmann,Bauer Wilms GmbH,Casparallee,663,73638,Bad Langensalza,11-05-1994,2009-06-01,05477320887,Vanessa.Ullmann@bauer-wilms-gmbh.de,DE67977687921393994217
Meta,Albers,Röhrdanz Holsten e.G.,Henkgasse,980,75700,Wertingen,07-05-1981,2015-10-02,+49(0)0977 120368,Meta.Albers@röhrdanz-holsten-e-g-.de,DE76349917641014085982
Rosalie,Renner,Sontag Kitzmann AG,Metzweg,827,08686,Suhl,27-08-1987,2011-12-22,06379 331245,Rosalie.Renner@sontag-kitzmann-ag.de,DE02805212365756932190
Iwan,Tschentscher,Atzler GmbH,Arne-Haering-Ring,5,39346,Göppingen,03-02-1999,2005-05-10,(00022) 508533,Iwan.Tschentscher@atzler-gmbh.de,DE47552855622601063423
Joana,Ebert,Hermann Köhler KG,Mangoldstr.,5,69152,Herford,21-06-1997,2005-06-01,+49(0)6333 35187,Joana.Ebert@hermann-köhler-kg.de,DE89685445528103931225
Muzaffer,Werner,Patberg Paffrath GmbH,Hartungstr.,88,38032,Pasewalk,30-01-1981,2013-07-21,09689 291680,Muzaffer.Werner@patberg-paffrath-gmbh.de,DE08420001364292627587
Fabian,Pölitz,Franke Pergande e.G.,Höfigallee,0,05214,Reutlingen,19-06-1981,2018-05-05,+49(0)0283787291,Fabian.Pölitz@franke-pergande-e-g-.de,DE04002806818199249720
Rico,Ladeck,Speer Gertz e.V.,Valentina-Beckmann-Straße,9,59429,Ahaus,16-03-1993,2014-08-31,+49 (0) 5086 111271,Rico.Ladeck@speer-gertz-e-v-.de,DE47268492389910583588
Ute,Benthin,Stey,Dietzstraße,8,31517,Füssen,22-04-1994,2004-01-05,0553073609,Ute.Benthin@stey.de,DE93678146507046716550
Hedi,Bolzmann,Dussen van Gerlach Stiftung & Co. KGaA,Dörschnerstraße,47,09025,Peine,02-06-1994,2011-07-13,0451095578,Hedi.Bolzmann@dussen-van-gerlach-stiftung-co-kgaa.de,DE16914203758169114782
Ivo,Berger,Klapp,Krebsplatz,02,06145,Schongau,23-07-1985,2020-04-08,+49 (0) 6831 882246,Ivo.Berger@klapp.de,DE77812285795946200383
Ignaz,Weiß,Hamann Hendriks AG,Hübelgasse,5,66268,Burglengenfeld,11-07-1970,2014-11-06,02055 46693,Ignaz.Weiß@hamann-hendriks-ag.de,DE52536769503747228604
Baptist,Jähn,Mülichen GmbH & Co. OHG,Elvira-Holsten-Ring,526,25507,Gunzenhausen,30-03-1990,2019-05-18,03535908129,Baptist.Jähn@mülichen-gmbh-co-ohg.de,DE62766186008538694363
Dursun,Dippel,Mitschke,Dietzgasse,603,98663,Rudolstadt,04-07-1983,2010-09-17,(09550) 623168,Dursun.Dippel@mitschke.de,DE73346856266399842938
Wolf-Dietrich,Meister,Kühnert AG & Co. KG,Ria-auch Schlauchin-Straße,34,20106,Badoberan,01-12-1983,2006-04-21,(02503) 780906,Wolf-Dietrich.Meister@kühnert-ag-co-kg.de,DE76834481449172819114
Gabi,Eberhardt,Karge GbR,Undine-Wernecke-Weg,8/1,95867,Bernburg,26-04-1970,2011-08-29,+49(0) 127919571,Gabi.Eberhardt@karge-gbr.de,DE90286063412113868243
Heiko,Ruppersberger,Heser,Dussen vanallee,910,64810,Bayreuth,24-06-1986,2017-05-08,+49(0)2928 270651,Heiko.Ruppersberger@heser.de,DE57784326749142385312
Mechthilde,Trüb,Ebert,Schäfergasse,7,54904,Neustadt am Rübenberge,12-07-1981,2015-12-07,+49(0)2464 560280,Mechthilde.Trüb@ebert.de,DE09340577688171479772
Christiana,Hesse,Wulff AG,Roskothstr.,9,05626,Pegnitz,17-01-1970,2003-01-29,07773 577631,Christiana.Hesse@wulff-ag.de,DE36447847605966779112
Daniele,Keudel,Scholtz,Raymund-Scholz-Straße,99,90182,Brilon,21-06-1982,2013-04-15,+49(0)3967748136,Daniele.Keudel@scholtz.de,DE60241905795023690561
Guenter,Käster,Jockel Fritsch GmbH,Konrad-Putz-Gasse,745,29820,Sigmaringen,21-06-1974,2013-11-19,+49(0) 391975500,Guenter.Käster@jockel-fritsch-gmbh.de,DE38036573897268589620
Hans-Rudolf,Höfig,Junk Löchel AG,Gebhard-Boucsein-Gasse,7,10418,Stendal,16-02-1995,2015-08-27,+49(0)6747433004,Hans-Rudolf.Höfig@junk-löchel-ag.de,DE85935756958623340009
Adolfine,Scholz,Martin AG & Co. OHG,Renata-Kabus-Gasse,5/5,22464,Eisleben,12-09-1980,2006-06-28,+49 (0) 4745 170330,Adolfine.Scholz@martin-ag-co-ohg.de,DE49933336650971861791
Steffen,Biggen,Thanel,Helen-Davids-Weg,814,43299,Quedlinburg,06-10-1989,2005-07-04,04532 134138,Steffen.Biggen@thanel.de,DE07687925088725886310
Lorenzo,Fiebig,Pölitz,Resi-Sölzer-Ring,1,77417,Ludwigslust,22-08-1972,2003-05-06,03538 027816,Lorenzo.Fiebig@pölitz.de,DE73705883908836411178
Corinna,Adolph,Sauer Jäkel GmbH,Fredy-Ebert-Gasse,4/5,15689,Recklinghausen,11-12-1985,2005-09-13,(07626) 923107,Corinna.Adolph@sauer-jäkel-gmbh.de,DE94214529474527024681
Mesut,Riehl,Kramer Oderwald GmbH & Co. KG,Valentina-Kramer-Gasse,295,56415,Schongau,12-08-1982,2008-02-14,+49(0)3502 71434,Mesut.Riehl@kramer-oderwald-gmbh-co-kg.de,DE57500350667846988377
Zoltan,Kraushaar,Scheel,Mudestraße,80,91585,Jessen,17-11-1978,2017-10-18,03502005340,Zoltan.Kraushaar@scheel.de,DE47877856600327195895
Sylwia,Vogt,Albers Blümel GbR,Mudestraße,810,84885,Rothenburg ob der Tauber,26-02-1979,2019-02-10,(07721) 09206,Sylwia.Vogt@albers-blümel-gbr.de,DE53121734238801762418
Jürgen,Kohl,Caspar AG,Galina-Ullrich-Ring,4/2,11627,Tirschenreuth,20-09-1997,2009-11-10,(06641) 28391,Jürgen.Kohl@caspar-ag.de,DE44565651319314486418
Raimund,Anders,Neuschäfer Barkholz e.V.,Hermine-Pölitz-Straße,1,02452,Wolgast,27-11-1999,2017-01-20,+49(0) 437030749,Raimund.Anders@neuschäfer-barkholz-e-v-.de,DE28337890488922216377
Isidor,Reichmann,Rörricht Jessel OHG mbH,Sandro-Buchholz-Gasse,344,19836,Borna,05-12-1994,2014-05-24,(02382) 06459,Isidor.Reichmann@rörricht-jessel-ohg-mbh.de,DE84230293705634515533
Dunja,Lange,Sontag Rogner AG & Co. KGaA,Ilja-Pölitz-Ring,49,50034,Amberg,25-03-1980,2020-08-30,+49(0)6802 711181,Dunja.Lange@sontag-rogner-ag-co-kgaa.de,DE14894364637325801023
Notburga,Schmidtke,Kroker Henk GmbH,Langeallee,232,75339,Fulda,08-04-1975,2007-02-26,05684542721,Notburga.Schmidtke@kroker-henk-gmbh.de,DE58819010121474586410
Hans-Hinrich,Schlosser,Ritter GbR,Langerngasse,622,59458,Vechta,19-07-1986,2014-05-01,08692 500441,Hans-Hinrich.Schlosser@ritter-gbr.de,DE68549299572686633100
Klaus-D.,Hartung,Müller,Röhrdanzallee,077,57606,Großenhain,03-03-1996,2018-12-08,+49(0)1421866498,Klaus-D..Hartung@müller.de,DE88614481156455565048
Zofia,Nohlmans,Pruschke Röhrdanz GmbH,Siegmund-Fiebig-Platz,1/9,05550,Paderborn,18-07-1983,2002-06-02,06840 692306,Zofia.Nohlmans@pruschke-röhrdanz-gmbh.de,DE13188763694896873300
Ilija,Birnbaum,Söding GmbH & Co. KGaA,Hoffmannstr.,65,90403,Saarbrücken,24-03-1977,2010-10-26,06465604211,Ilija.Birnbaum@söding-gmbh-co-kgaa.de,DE38351464258934550010
Miroslav,Reuter,Schäfer,Ingrid-Trüb-Platz,9/9,69168,Prenzlau,12-04-1976,2013-07-06,+49(0)7381453833,Miroslav.Reuter@schäfer.de,DE95914016801333862653
Gerfried,Paffrath,Neuschäfer GmbH,Almut-Faust-Platz,3,09187,Schongau,21-10-1984,2016-03-13,0979669963,Gerfried.Paffrath@neuschäfer-gmbh.de,DE30057109602135726714
Ilija,Sager,Fröhlich AG & Co. OHG,Matthäiplatz,2,45886,Soltau,03-04-1996,2018-07-17,0083298730,Ilija.Sager@fröhlich-ag-co-ohg.de,DE36644596590363046383
Rebecca,Hethur,Barth,Hildegunde-Ehlert-Platz,6,82590,Rothenburg ob der Tauber,02-12-1971,2001-08-22,+49(0) 734340491,Rebecca.Hethur@barth.de,DE17929996945990344092
Elif,Atzler,Hentschel AG,Gerhardt-Mende-Straße,569,90129,Einbeck,30-11-1982,2015-12-12,(07077) 336581,Elif.Atzler@hentschel-ag.de,DE44176437401153020124
Jiri,Wesack,Jüttner Rose GmbH,Mirjana-Barkholz-Platz,5,84744,Döbeln,05-03-1976,2003-06-23,0240322199,Jiri.Wesack@jüttner-rose-gmbh.de,DE75185372335895167387
Xaver,Plath,Seifert Bloch AG & Co. OHG,Meisterplatz,5,41958,Höxter,24-07-1993,2014-09-24,+49(0)1706 995737,Xaver.Plath@seifert-bloch-ag-co-ohg.de,DE33433330817134426791
Agatha,Hettner,Hein Linke AG & Co. KGaA,Sandy-Weinhage-Gasse,5,24693,Wittstock,05-11-1980,2005-11-22,+49(0)1787 53676,Agatha.Hettner@hein-linke-ag-co-kgaa.de,DE80405121603319102861
Gabor,Hövel,Hertrampf,Kochallee,81,38164,Roding,06-05-1983,2012-05-16,(05087) 825940,Gabor.Hövel@hertrampf.de,DE89902658158684844556
Björn,Holzapfel,Schaaf GmbH,Kaspar-Dietz-Gasse,74,93832,Delitzsch,10-08-1999,2019-07-27,0675232983,Björn.Holzapfel@schaaf-gmbh.de,DE61206901204649677177
Kuno,Weihmann,Franke,Stiffelallee,5,45130,Döbeln,15-07-1984,2009-04-17,(04127) 104788,Kuno.Weihmann@franke.de,DE95485063995489517951
Rosalinde,Geisel,Tschentscher,Sigfried-Jäkel-Gasse,735,44537,Wittstock,01-05-1991,2002-04-03,0553332002,Rosalinde.Geisel@tschentscher.de,DE08039750990138979514
Ester,Tlustek,Mohaupt AG & Co. KG,Kerstin-Mitschke-Platz,2,49865,Wismar,04-11-1994,2002-06-26,09057657734,Ester.Tlustek@mohaupt-ag-co-kg.de,DE79216272566227004562
Oda,Schomber,Röhrdanz,Mentzelring,187,32073,Kitzingen,05-08-1970,2004-07-25,06027 099567,Oda.Schomber@röhrdanz.de,DE58099065026823402093
Silvana,Reising,Patberg,Nikolas-Hettner-Ring,217,77192,Augsburg,15-08-1997,2020-06-09,01030 462997,Silvana.Reising@patberg.de,DE49237051915712873916
Traude,Berger,Mülichen Anders GmbH,Gunpfring,55,57271,Sankt Goarshausen,13-06-1973,2015-07-09,08768 42148,Traude.Berger@mülichen-anders-gmbh.de,DE50669459940171434886
Tanja,Junk,Dörschner,Rädelweg,201,09525,Weißwasser,30-01-1976,2014-05-31,+49(0)8835 675599,Tanja.Junk@dörschner.de,DE19242024055896470143
Mareile,Dowerg,Köhler Hahn Stiftung & Co. KGaA,Matthäistr.,71,16677,Groß-Gerau,19-09-1980,2009-05-01,01735749924,Mareile.Dowerg@köhler-hahn-stiftung-co-kgaa.de,DE78091725776903585873
Anatoli,Kuhl,Ditschlerin Baum GmbH & Co. KG,Theodora-Radisch-Ring,434,87593,Eisenach,30-04-1994,2005-09-04,0521347819,Anatoli.Kuhl@ditschlerin-baum-gmbh-co-kg.de,DE02040655983689199896
Tilo,Mende,Ruppert AG,Hermannring,6,33848,Weimar,06-01-1992,2002-03-22,+49 (0) 6062 973890,Tilo.Mende@ruppert-ag.de,DE20905296627671957584
Helge,Speer,Beer KGaA,Curt-Ullrich-Platz,8,73959,Ludwigsburg,22-03-1997,2005-01-07,+49 (0) 8540 961448,Helge.Speer@beer-kgaa.de,DE75755907859766663642
Irina,Gumprich,Holsten,Eva-Maria-Freudenberger-Straße,8/1,27839,Stadtroda,27-11-1982,2014-03-11,+49(0)1764 10683,Irina.Gumprich@holsten.de,DE19967629343208694539
Elif,Klapp,Peukert Preiß AG,Emanuel-Wagner-Weg,2,68098,Nordhausen,18-08-1991,2002-03-25,(03038) 28574,Elif.Klapp@peukert-preiß-ag.de,DE34808479799877144185
Dorota,Gotthard,Hornich GmbH & Co. KGaA,Bährstraße,3,67492,Emmendingen,19-12-1980,2003-07-08,+49(0) 149758454,Dorota.Gotthard@hornich-gmbh-co-kgaa.de,DE66403581877258999563
Ingelore,Schweitzer,Köhler Biggen AG,Serge-Ullrich-Gasse,12,06292,Soltau,11-07-1986,2009-06-24,08790834709,Ingelore.Schweitzer@köhler-biggen-ag.de,DE50149374797872229057
Jessica,Etzold,Riehl,Jähnring,7/4,18025,Kaiserslautern,15-07-1994,2006-01-31,(06385) 20127,Jessica.Etzold@riehl.de,DE86137928162341506157
Alla,Keudel,Junitz,Imre-Sager-Straße,782,63951,Badoberan,15-05-1973,2015-02-13,07504324081,Alla.Keudel@junitz.de,DE81752770515010193668
Brian,Beyer,Radisch,Antoinette-Söding-Platz,18,74734,Ebermannstadt,18-02-1988,2005-05-15,+49(0)7218 68777,Brian.Beyer@radisch.de,DE18709544726935119919
Sieghard,Wulff,Tintzmann Wilms GmbH & Co. KG,Lutz-Tschentscher-Straße,914,32370,Meppen,26-11-1997,2006-10-31,05367 73696,Sieghard.Wulff@tintzmann-wilms-gmbh-co-kg.de,DE67055460413144918471
Sebastiano,Mangold,Davids AG & Co. KGaA,Adriane-Schenk-Ring,798,89554,Wurzen,28-09-1976,2006-07-02,0139557590,Sebastiano.Mangold@davids-ag-co-kgaa.de,DE48440859650323699867
Kirsten,Mälzer,Klotz GmbH,Holzapfelstraße,178,42762,Neustadtner Waldnaab,23-08-1975,2017-01-17,+49(0) 567704576,Kirsten.Mälzer@klotz-gmbh.de,DE49383177491715348380
Justine,Hahn,Neuschäfer Speer AG & Co. KG,Regina-Winkler-Weg,5/1,42420,Apolda,12-05-1995,2019-01-10,(03346) 396733,Justine.Hahn@neuschäfer-speer-ag-co-kg.de,DE98260351929310119507
Franz Josef,Hornig,Kroker Mosemann KG,Kathy-Jessel-Straße,9/9,31447,Neubrandenburg,17-10-1981,2004-11-13,00175932001,Franz Josef.Hornig@kroker-mosemann-kg.de,DE52870209345544425184
Lara,Pruschke,Boucsein AG & Co. KG,Kreinweg,9,75289,Kötzting,02-02-1981,2004-02-09,03250 15195,Lara.Pruschke@boucsein-ag-co-kg.de,DE72435954263016208562
Elke,Lorch,Gertz,Heckerweg,5,43110,Uelzen,22-07-1986,2006-08-17,(03831) 074830,Elke.Lorch@gertz.de,DE28967437137687737721
Lambert,Steckel,Seifert Steckel GbR,Bonbachstr.,8,77042,Coburg,31-12-1981,2020-07-04,+49 (0) 2748 065812,Lambert.Steckel@seifert-steckel-gbr.de,DE56894064000279818185
Senol,Döring,Franke GbR,Hornichgasse,3/7,32660,Bremen,29-04-1993,2008-06-13,09984 725140,Senol.Döring@franke-gbr.de,DE45534575930809216605
Hans-Peter,Spieß,Ruppert,Klingelhöfergasse,712,48870,Paderborn,02-09-1971,2019-04-17,+49(0)5516 51713,Hans-Peter.Spieß@ruppert.de,DE91222929212020388976
Gunar,Trapp,Zimmer,Leonard-Junk-Weg,884,17583,Bad Kissingen,15-12-1978,2019-03-09,+49(0)6560206626,Gunar.Trapp@zimmer.de,DE17343724806065633177
Elzbieta,Patberg,Klingelhöfer,Hatice-Ladeck-Weg,853,78850,Vechta,02-05-1970,2013-07-05,+49(0)9554 69244,Elzbieta.Patberg@klingelhöfer.de,DE38810919385305190246
Stanislav,Jungfer,Mude AG & Co. OHG,Trude-Naser-Platz,9/0,15396,Seelow,02-05-1998,2013-08-22,+49(0)1597453257,Stanislav.Jungfer@mude-ag-co-ohg.de,DE42913783642276369751
Krista,Rosemann,Bien,Schaafplatz,9/5,59796,Artern,30-08-1994,2008-04-01,(05106) 845831,Krista.Rosemann@bien.de,DE59566002237193497836
Dominic,Rust,Seidel,Alexandre-Reising-Straße,91,76278,Stadtroda,13-03-1984,2015-10-17,(02675) 769255,Dominic.Rust@seidel.de,DE51996762657674325481
Ramazan,Tintzmann,Hörle GbR,Eberhard-Römer-Ring,30,69813,Grevesmühlen,08-06-1986,2016-03-13,+49 (0) 2417 759228,Ramazan.Tintzmann@hörle-gbr.de,DE47319135135235396114
Edith,Mühle,Schlosser Stiftung & Co. KGaA,Staudeallee,8/5,81035,Heinsberg,18-01-1979,2016-05-08,+49(0) 759060354,Edith.Mühle@schlosser-stiftung-co-kgaa.de,DE64682453139170337547
Dietmar,Dobes,Weinhage Hesse GbR,Jörn-Hendriks-Ring,008,40187,Siegen,27-12-1990,2006-12-21,(06642) 74264,Dietmar.Dobes@weinhage-hesse-gbr.de,DE41158821456234403773
Wolf,Heinz,Salz,Frankeweg,07,91851,Perleberg,12-05-1983,2001-12-10,0244271495,Wolf.Heinz@salz.de,DE65692011076337842297
Ramon,Drubin,Mielcarek KGaA,Rudolphplatz,654,58541,Göppingen,07-04-1989,2020-11-03,+49(0)4835 05830,Ramon.Drubin@mielcarek-kgaa.de,DE66414097055952299255
Beatrice,Sager,Schweitzer Neuschäfer GbR,Lambert-Gnatz-Platz,81,56319,Eichstätt,28-03-1996,2012-05-11,02200 442411,Beatrice.Sager@schweitzer-neuschäfer-gbr.de,DE77698857099517344080
Gundolf,Baum,Mielcarek Mohaupt AG & Co. KG,Walther-Wulf-Weg,049,69938,Neuruppin,18-02-1974,2005-10-31,06488 704295,Gundolf.Baum@mielcarek-mohaupt-ag-co-kg.de,DE15078187432256256627
Hartmut,Grein Groth,Keudel AG,Gießstraße,55,25653,Kleve,24-12-1983,2014-09-28,09957 528664,Hartmut.Grein Groth@keudel-ag.de,DE59718727627740326225
Stilla,Heinz,Hübel GmbH,Jesselplatz,2/1,73456,Ebersberg,05-09-1988,2012-06-07,01563476874,Stilla.Heinz@hübel-gmbh.de,DE34535508136143254610
Branko,Naser,Wagner Hahn e.G.,Fritz-Austermühle-Allee,6,02519,Soltau,26-04-1986,2003-02-02,00523296017,Branko.Naser@wagner-hahn-e-g-.de,DE59147958503319651803
Hans-Helmut,Schomber,Heinrich,Gerwin-Reinhardt-Weg,2,35553,Mayen,26-06-1971,2010-08-20,0950600174,Hans-Helmut.Schomber@heinrich.de,DE76755198944030850110
Bärbel,Radisch,Bonbach GmbH,Wolf-Dieter-Vollbrecht-Allee,7,20696,Bad Liebenwerda,14-10-1973,2002-04-17,+49(0)8836800838,Bärbel.Radisch@bonbach-gmbh.de,DE70967101801511723137
Sieglinde,Thanel,Ernst Stiftung & Co. KG,Buchholzgasse,16,46833,Viechtach,20-07-1979,2001-10-06,01189308777,Sieglinde.Thanel@ernst-stiftung-co-kg.de,DE85864524135444871261
Gunar,van der Dussen,Nerger,Sonia-Heser-Allee,4,37597,Ebermannstadt,27-06-1995,2006-03-13,+49(0) 910480171,Gunar.van der Dussen@nerger.de,DE31805365985757134671
Hubertine,Trüb,Warmer,Hubert-Kobelt-Platz,86,27154,Oranienburg,01-03-1985,2004-08-19,+49(0)7722635103,Hubertine.Trüb@warmer.de,DE63771001825562296159
Senol,Jäkel,Benthin AG,Jacobring,46,09347,Gifhorn,28-04-1996,2006-02-23,+49(0)5612 65616,Senol.Jäkel@benthin-ag.de,DE94955765255423303391
Diana,Hövel,Bohnbach AG,Ben-Rose-Gasse,9/6,49024,Schongau,13-02-1981,2008-05-22,01043 719192,Diana.Hövel@bohnbach-ag.de,DE17047637522814138305
Nicolas,Meyer,Davids Rust GmbH,Holm-Scholtz-Allee,015,47865,Hannoversch Münden,15-04-1995,2005-02-25,+49(0) 290968145,Nicolas.Meyer@davids-rust-gmbh.de,DE12806571492440849068
Raissa,Hering,Lange,Julie-Klingelhöfer-Ring,106,58309,Ebersberg,25-04-1983,2018-03-02,0395243602,Raissa.Hering@lange.de,DE08931577532383214446
Danny,Rudolph,Fritsch Hövel AG & Co. KG,Staudeplatz,68,49372,Gunzenhausen,24-03-1979,2003-04-08,(00666) 409213,Danny.Rudolph@fritsch-hövel-ag-co-kg.de,DE87195843156753466983
Robin,Schottin,Hartung AG & Co. KGaA,Ahmad-Mude-Ring,0/1,07758,Rehau,28-09-1977,2015-04-18,0593891063,Robin.Schottin@hartung-ag-co-kgaa.de,DE63974918539508724746
Evelin,Krebs,Harloff GmbH,Francesco-Junk-Straße,1,84937,Stadtsteinach,31-07-1991,2019-04-21,+49(0) 769089028,Evelin.Krebs@harloff-gmbh.de,DE65775052972468862651
Alexa,auch Schlauchin,Eimer,Gretl-Kobelt-Gasse,61,49680,Stadtsteinach,10-06-1971,2004-02-19,+49(0)7821010765,Alexa.auch Schlauchin@eimer.de,DE36104640161813995620
Aleksandar,Ullmann,Scheuermann Zirme AG & Co. KG,Dirk-Häring-Gasse,973,85551,Eggenfelden,22-05-1996,2017-07-26,(09063) 14656,Aleksandar.Ullmann@scheuermann-zirme-ag-co-kg.de,DE88687384800423163013
Cäcilie,Neuschäfer,Birnbaum Jäntsch e.V.,Girschnerplatz,458,35930,Lüdinghausen,21-06-1985,2009-07-23,(04044) 36018,Cäcilie.Neuschäfer@birnbaum-jäntsch-e-v-.de,DE97565915071929724342
Mesut,Niemeier,Bauer Schomber e.G.,Nora-Römer-Straße,3,10262,Parsberg,23-04-1999,2020-03-16,01556 377614,Mesut.Niemeier@bauer-schomber-e-g-.de,DE57942947229803568339
Wenke,Mentzel,Eberhardt,Helmut-Säuberlich-Platz,0/3,01892,Kitzingen,25-03-1980,2019-12-12,+49(0)0318 090037,Wenke.Mentzel@eberhardt.de,DE47959839419570366860
Gert,Lehmann,Otto Weller GbR,Pieperallee,81,26424,Stade,17-12-1977,2004-03-26,+49 (0) 6864 380428,Gert.Lehmann@otto-weller-gbr.de,DE38738541816670830405
Rosa-Maria,Gröttner,Fliegner Lindner Stiftung & Co. KG,Lotte-Dörschner-Ring,4,29431,Germersheim,30-09-1999,2016-06-10,0225635055,Rosa-Maria.Gröttner@fliegner-lindner-stiftung-co-kg.de,DE28950775023620311723
Marie-Louise,Häring,Kensy AG & Co. KG,Gertraud-Bloch-Straße,3,53075,Nauen,11-06-1975,2003-02-02,0986525250,Marie-Louise.Häring@kensy-ag-co-kg.de,DE06203747111074419412
Joseph,Beier,Säuberlich GmbH & Co. KG,Weimergasse,462,64267,Dresden,19-02-1976,2009-08-13,+49(0)2472 188690,Joseph.Beier@säuberlich-gmbh-co-kg.de,DE71374861762056846568
Cristina,Henck,Budig,Wohlgemutweg,89,91676,Döbeln,20-06-1970,2012-02-08,0770026150,Cristina.Henck@budig.de,DE17285762399578135294
Murat,Täsche,Zorbach Speer KG,Dippelstraße,712,18657,Celle,04-11-1974,2003-02-27,08575549910,Murat.Täsche@zorbach-speer-kg.de,DE61935608489584256976
Frederike,Berger,Textor AG & Co. KG,Karl-August-Benthin-Straße,15,29752,Grafenau,01-04-1981,2006-04-08,(07525) 156879,Frederike.Berger@textor-ag-co-kg.de,DE26882935275362377870
Irma,Söding,Wesack,Leni-Rädel-Ring,3/1,59184,Artern,14-08-1995,2011-10-22,05795004025,Irma.Söding@wesack.de,DE30330431857413681086
Piotr,Mohaupt,Ebert Ziegert GmbH & Co. KG,Oestrovskystraße,5,14127,Nabburg,13-10-1984,2006-04-15,07489739842,Piotr.Mohaupt@ebert-ziegert-gmbh-co-kg.de,DE21310324060905986783
Mathias,Stiebitz,Hentschel Radisch Stiftung & Co. KG,Hans-Günther-Pergande-Gasse,49,86705,Pritzwalk,17-02-1978,2005-02-11,+49(0) 310737748,Mathias.Stiebitz@hentschel-radisch-stiftung-co-kg.de,DE08177115084976491760
Simon,Naser,Köster,Goran-Dobes-Straße,13,35432,Roth,23-11-1973,2002-08-25,00526563923,Simon.Naser@köster.de,DE97369604920916164678
Heinz-Gerd,Schmidtke,Hecker,auch Schlauchinallee,9,84009,Bad Freienwalde,18-06-1976,2008-09-22,+49(0) 348284551,Heinz-Gerd.Schmidtke@hecker.de,DE47691624336283015151
Brigitte,Tschentscher,Bonbach,Karlfried-Weinhold-Platz,909,95626,Hünfeld,24-08-1978,2002-06-20,(05596) 842833,Brigitte.Tschentscher@bonbach.de,DE54556479941895238606
Karl-Ernst,Misicher,Schüler,Kambsweg,8,41307,Sternberg,01-11-1971,2014-02-27,+49(0)3315 164083,Karl-Ernst.Misicher@schüler.de,DE55901965063806447522
Gesche,Stumpf,Baum Mentzel OHG mbH,Alwin-Ritter-Allee,997,59798,Herzberg,27-09-1987,2009-03-19,0974509720,Gesche.Stumpf@baum-mentzel-ohg-mbh.de,DE63967905893947948978
Steve,Holsten,Stolze Barth AG,Luitgard-Trommler-Allee,9/5,76591,Vilsbiburg,03-08-1973,2011-07-30,0379963745,Steve.Holsten@stolze-barth-ag.de,DE80754548387899548601
Denny,Henschel,Zänker,Sybilla-Römer-Gasse,86,37171,Genthin,09-04-1989,2007-09-12,0611355084,Denny.Henschel@zänker.de,DE18888700090795095615
Adelinde,Noack,Johann,Haeringgasse,3/3,33333,Kyritz,07-06-1993,2011-05-31,+49(0)8602 766784,Adelinde.Noack@johann.de,DE45654590335907854756
Kata,Bonbach,Koch,Janette-Sorgatz-Weg,6/8,22664,Borken,07-04-1999,2010-09-14,0247224224,Kata.Bonbach@koch.de,DE11241044203229606857
Wenzel,Gude,Hecker GmbH & Co. OHG,Dorle-Neuschäfer-Ring,897,45745,Berchtesgaden,23-09-1998,2016-08-12,07171599806,Wenzel.Gude@hecker-gmbh-co-ohg.de,DE25281075244467611343
Marlen,Textor,Holsten,Reutergasse,0,39129,Worbis,20-08-1997,2001-10-12,0714461336,Marlen.Textor@holsten.de,DE85583317362847639462
Janette,Jockel,Lehmann,Wernerallee,382,81732,Gerolzhofen,21-04-1985,2016-08-12,(01380) 864616,Janette.Jockel@lehmann.de,DE86998539145846786339
Martine,Patberg,Salz GmbH & Co. KG,Dowergring,8/4,33932,Meißen,27-12-1970,2009-08-30,+49(0)6257 632303,Martine.Patberg@salz-gmbh-co-kg.de,DE98663026114254317467
Gaby,Niemeier,Wieloch Atzler GbR,Etzoldgasse,8/8,15273,Staffelstein,17-08-1987,2016-01-31,+49(0)8323241941,Gaby.Niemeier@wieloch-atzler-gbr.de,DE73957454487172222088
Ottomar,Kohl,Bärer,Reisingweg,932,46194,Schwandorf,17-05-1997,2006-09-30,(03811) 938950,Ottomar.Kohl@bärer.de,DE10942098673495237516
Sönke,Süßebier,Mende Patberg Stiftung & Co. KGaA,Keudelstraße,71,03119,Arnstadt,22-07-1981,2013-05-18,00057 86222,Sönke.Süßebier@mende-patberg-stiftung-co-kgaa.de,DE14888975536392797200
Theda,Gierschner,Conradi GmbH & Co. KG,Kasimir-Rosemann-Ring,6/5,58188,Ravensburg,26-09-1970,2005-12-03,+49(0)1718 445687,Theda.Gierschner@conradi-gmbh-co-kg.de,DE17258420943215825660
Gerti,Weller,Mentzel,Hannes-Adler-Platz,627,60459,Haldensleben,10-02-1982,2018-09-28,02861957687,Gerti.Weller@mentzel.de,DE35394878160248803035
Catharina,Ebert,Krein Ziegert AG & Co. OHG,Ian-Hübel-Weg,347,70494,Schwabmünchen,01-09-1974,2001-01-15,01962 562120,Catharina.Ebert@krein-ziegert-ag-co-ohg.de,DE69442484282619398398
Miodrag,Gute,Ernst GmbH,Segebahnweg,27,71523,Wolmirstedt,23-02-1978,2005-05-16,06865564756,Miodrag.Gute@ernst-gmbh.de,DE97690157631292953626
Fredo,Steinberg,Täsche,Stanislav-Adler-Allee,1/6,92921,Lüdenscheid,08-03-1993,2005-02-08,+49(0)2689924307,Fredo.Steinberg@täsche.de,DE31235407545189514340
Jeannette,Klemt,Weinhold GmbH & Co. KG,Hübelstraße,562,45759,Aue,25-01-1997,2009-06-09,+49(0)9377 486673,Jeannette.Klemt@weinhold-gmbh-co-kg.de,DE90346181959718853034
Richard,Pölitz,Dobes GmbH,Torsten-Boucsein-Weg,8,61273,Lübben,11-03-1972,2010-10-12,09739480822,Richard.Pölitz@dobes-gmbh.de,DE37037392363144076171
Isolde,Mielcarek,Wieloch GmbH & Co. KG,Strohplatz,9/0,37783,Biedenkopf,09-07-1980,2016-11-13,02390 98479,Isolde.Mielcarek@wieloch-gmbh-co-kg.de,DE32624319771435104032
Hans-Dieter,Wesack,Zorbach GmbH & Co. KGaA,Schönlandring,09,78201,Grimma,10-05-1985,2003-06-08,+49(0)5505 19031,Hans-Dieter.Wesack@zorbach-gmbh-co-kgaa.de,DE04068473165611603114
Lilly,Trommler,Knappe,Lisbeth-Drub-Platz,6/2,14874,Coburg,21-10-1997,2010-08-06,+49(0) 549532215,Lilly.Trommler@knappe.de,DE77485032968535616695
Edeltraut,Schleich,Zahn GmbH & Co. KG,Annelise-Putz-Platz,91,89544,Görlitz,20-06-1989,2003-11-09,(05293) 501124,Edeltraut.Schleich@zahn-gmbh-co-kg.de,DE63753525471009106258
Sina,Eberhardt,Hahn GmbH,Liebeltweg,797,29164,Gütersloh,02-08-1994,2012-01-02,02235 817754,Sina.Eberhardt@hahn-gmbh.de,DE25254905549252957306
Eckart,Freudenberger,Wernecke,Irmtraud-Jopich-Platz,3,32163,Steinfurt,22-08-1984,2019-01-12,(06177) 275830,Eckart.Freudenberger@wernecke.de,DE33992519468091334888
Karl-Peter,Weinhage,Drub Köster GmbH & Co. KG,Aloys-Hentschel-Allee,56,81068,Strausberg,05-10-1981,2018-05-10,07955 88242,Karl-Peter.Weinhage@drub-köster-gmbh-co-kg.de,DE74513380665050498781
Ehrenfried,Wagenknecht,Kraushaar AG & Co. OHG,Handering,1,65587,Euskirchen,06-04-1983,2014-06-27,+49(0) 397378934,Ehrenfried.Wagenknecht@kraushaar-ag-co-ohg.de,DE34803321816999177829
Kemal,Nette,Flantz Mielcarek GmbH,Bolnbachplatz,7,78572,Dieburg,19-10-1978,2005-02-16,0307540394,Kemal.Nette@flantz-mielcarek-gmbh.de,DE95450705878356758641
Adeline,Karge,Meister,Elise-Ziegert-Allee,661,28239,Sondershausen,21-10-1979,2018-06-05,(02543) 137987,Adeline.Karge@meister.de,DE94903788807499824924
Virginia,Briemer,Fröhlich Hauffer KG,Dehmelring,393,16274,Schrobenhausen,08-10-1996,2006-01-04,(03361) 53536,Virginia.Briemer@fröhlich-hauffer-kg.de,DE34557896227246699862
Luisa,Etzold,Faust Schmidtke KGaA,Hasan-Möchlichen-Allee,8/3,15551,Havelberg,12-05-1984,2007-04-07,+49(0) 841166850,Luisa.Etzold@faust-schmidtke-kgaa.de,DE98092331144927577993
Othmar,Koch II,Drub GmbH,Gino-Dörschner-Gasse,665,10833,Jena,03-08-1980,2006-01-05,(00548) 920722,Othmar.Koch II@drub-gmbh.de,DE07216588323808366268
Britta,Eberth,Schlosser,Romuald-Holzapfel-Allee,3/4,45350,Karlsruhe,29-04-1982,2002-12-11,0235698060,Britta.Eberth@schlosser.de,DE12172147682686738353
Ariane,Margraf,Ladeck,Susana-Steckel-Weg,517,60481,Neuruppin,13-08-1973,2012-04-12,+49(0) 705202827,Ariane.Margraf@ladeck.de,DE27428673798866326448
Janine,Thies,Rohleder Hölzenbecher KG,Carla-Eckbauer-Weg,50,60557,Chemnitz,28-08-1974,2006-08-03,+49 (0) 8658 407091,Janine.Thies@rohleder-hölzenbecher-kg.de,DE97830271313921907519
Jens-Peter,Hertrampf,Zahn GmbH & Co. OHG,Ernstring,5,92549,Wolfach,11-12-1977,2010-10-18,+49(0)6861 275063,Jens-Peter.Hertrampf@zahn-gmbh-co-ohg.de,DE54174927003648515233
Annelie,Kraushaar,Wilms Hertrampf KGaA,Röhrichtweg,8,06841,Pfaffenhofen an der Ilm,04-09-1983,2006-12-05,09069896807,Annelie.Kraushaar@wilms-hertrampf-kgaa.de,DE57920786392405516138
Albertine,Kreusel,Junk,Patbergstraße,33,17866,Rudolstadt,08-04-1985,2006-02-03,+49(0)0568 416469,Albertine.Kreusel@junk.de,DE25996551685012475641
Silja,Krein,Henk Lindner AG & Co. OHG,Jacobi Jäckelstraße,307,58693,Stade,15-07-1977,2013-09-08,(08854) 623005,Silja.Krein@henk-lindner-ag-co-ohg.de,DE05563266727261335521
Sigrid,Dussen van,Jacob Stiftung & Co. KG,Hamannstr.,627,71260,Kulmbach,08-07-1983,2009-07-05,+49(0)3734149585,Sigrid.Dussen van@jacob-stiftung-co-kg.de,DE65852324111859275125
Ulrike,Röhricht,Mentzel,Annie-Schinke-Ring,7/4,17379,Klötze,02-04-1976,2011-11-02,04945 196960,Ulrike.Röhricht@mentzel.de,DE57949059137179911857
Maritta,Schinke,Tröst,Johannweg,4,44361,Parchim,11-01-1974,2015-06-06,+49(0)4487 366981,Maritta.Schinke@tröst.de,DE49782834753695058832
Guntram,Jüttner,Weihmann Aumann Stiftung & Co. KGaA,Häringweg,931,68081,Greifswald,09-01-1975,2017-05-31,+49(0)7986646419,Guntram.Jüttner@weihmann-aumann-stiftung-co-kgaa.de,DE86451567243829229046
Selma,Warmer,Bruder Schuster GmbH & Co. KGaA,Grafallee,1/1,30400,Ebern,09-06-1970,2011-05-24,+49(0) 803481157,Selma.Warmer@bruder-schuster-gmbh-co-kgaa.de,DE05695770445692649689
Claudio,Reinhardt,Hiller Mitschke AG & Co. OHG,Buttegasse,3/7,19509,Merseburg,19-09-1993,2008-09-30,+49(0) 913508923,Claudio.Reinhardt@hiller-mitschke-ag-co-ohg.de,DE20185668535297438694
Carola,Noack,Lorch,Stiffelallee,7,57809,Pößneck,19-06-1977,2010-10-23,+49(0)7077 28067,Carola.Noack@lorch.de,DE75431753133726551830
Aleksandra,Döhn,Tlustek Schomber GmbH & Co. KG,Keudelgasse,4,56567,Auerbach,20-10-1986,2008-07-10,0826257342,Aleksandra.Döhn@tlustek-schomber-gmbh-co-kg.de,DE71551723454655499041
Bernd,Warmer,Trüb Hövel AG & Co. KG,Jopichweg,8,43081,Saarlouis,03-05-1977,2001-12-19,+49(0)2152179363,Bernd.Warmer@trüb-hövel-ag-co-kg.de,DE74859633910538673610
Othmar,Henk,Karz Stiftung & Co. KGaA,Thanelplatz,146,90155,Erding,04-02-1988,2018-09-25,+49(0)5139 136487,Othmar.Henk@karz-stiftung-co-kgaa.de,DE73027216232911264749
Slobodan,Seidel,Tintzmann,Pohlgasse,75,29311,Badalzungen,27-09-1970,2010-01-29,(04810) 036896,Slobodan.Seidel@tintzmann.de,DE25836539758716979640
Grazyna,auch Schlauchin,Werner GmbH,Renata-Finke-Straße,5,84614,Seelow,06-03-1980,2002-11-15,0876303215,Grazyna.auch Schlauchin@werner-gmbh.de,DE27738058347328444985
Felizitas,Kabus,Jockel AG & Co. KG,Tom-Heser-Ring,10,34314,Hoyerswerda,12-01-1990,2012-09-08,(04972) 065461,Felizitas.Kabus@jockel-ag-co-kg.de,DE73770667719791314465
Veronika,Gumprich,Schlosser AG,Mirco-Siering-Platz,4/3,53781,Wernigerode,02-10-1979,2006-06-10,+49(0) 044137484,Veronika.Gumprich@schlosser-ag.de,DE60389544129523800723
Helena,Gunpf,Loos Döring GmbH,Ehlertplatz,9,84769,Vilsbiburg,15-06-1976,2001-08-05,+49(0)2684 222432,Helena.Gunpf@loos-döring-gmbh.de,DE60565572282451276276
Piotr,Finke,Ehlert Hecker GmbH & Co. KGaA,Konstanze-Pohl-Platz,3/4,41843,Wertingen,16-12-1982,2004-07-26,+49(0)3566 57569,Piotr.Finke@ehlert-hecker-gmbh-co-kgaa.de,DE71902396781708299158
Berit,Lachmann,Berger GmbH,Ljubica-Löffler-Platz,1,73024,Zossen,11-04-1977,2004-10-26,+49(0)4917 47175,Berit.Lachmann@berger-gmbh.de,DE88989118993816155056
Hajo,Hölzenbecher,Römer Noack AG,Ann-Kathrin-Heintze-Ring,5/2,71106,Brilon,12-09-1992,2020-07-23,+49(0)5671 57010,Hajo.Hölzenbecher@römer-noack-ag.de,DE12607279337081739273
Heinz,Scheibe,Atzler,Beckerplatz,62,45213,Lübben,03-11-1983,2010-03-31,02136169868,Heinz.Scheibe@atzler.de,DE16215270664401787682
Hans-Ludwig,Reichmann,Fischer GmbH,Kitzmannstraße,86,27287,Eisleben,27-05-1973,2019-12-30,+49(0)7970950008,Hans-Ludwig.Reichmann@fischer-gmbh.de,DE26880518002838022275
Beate,Rosemann,Fischer AG & Co. KG,Wolf-Dieter-Haering-Gasse,766,16704,Grimmen,14-08-1990,2009-01-20,+49 (0) 7126 123842,Beate.Rosemann@fischer-ag-co-kg.de,DE41483159134621407518
Olivia,Blümel,Stolze AG & Co. KGaA,Staudegasse,282,40692,Herzberg,17-09-1978,2001-01-18,01382 68593,Olivia.Blümel@stolze-ag-co-kgaa.de,DE29484861753486474983
Theresia,Häring,Henk AG,Langering,06,58229,Gifhorn,09-03-1990,2008-11-17,03564 36256,Theresia.Häring@henk-ag.de,DE41551605784272239016
Recep,Knappe,Lehmann,Madeleine-Kitzmann-Ring,7,85100,Feuchtwangen,07-11-1989,2010-08-09,+49(0) 638866152,Recep.Knappe@lehmann.de,DE59775858009686481200
Sandy,Nette,Schmidtke,Herma-Weitzel-Gasse,6/4,32765,Gera,23-10-1991,2020-09-21,0676294239,Sandy.Nette@schmidtke.de,DE60508090881767716460
Theo,Rosenow,Müller,Katrin-Mülichen-Platz,16,75601,Fürstenfeldbruck,23-07-1973,2007-07-29,00406 754672,Theo.Rosenow@müller.de,DE17973779737819092857
Silvia,Beer,Briemer AG,Mathias-Geisel-Gasse,421,97397,Eichstätt,19-12-1987,2006-05-29,0594837648,Silvia.Beer@briemer-ag.de,DE36938857530486506538
Brigitta,Vogt,Henk GbR,Martin-Holzapfel-Gasse,16,80028,Werdau,14-08-1978,2013-04-14,+49(0) 580659850,Brigitta.Vogt@henk-gbr.de,DE63105226515882307176
Heribert,Heintze,Zimmer AG,Sedat-Jopich-Gasse,1/1,95534,Badoberan,23-06-1971,2005-09-26,(01881) 42476,Heribert.Heintze@zimmer-ag.de,DE87490894814761609087
Augusta,Salz,Tröst e.V.,Sauerring,213,84445,Sondershausen,16-02-1983,2014-09-07,+49(0)0144 181243,Augusta.Salz@tröst-e-v-.de,DE50393870332807346836
Sofia,Reichmann,Dörschner,Wohlgemutallee,9,47979,Pößneck,31-07-1975,2005-02-06,+49(0)2287451341,Sofia.Reichmann@dörschner.de,DE85833891723459598296
Reginald,Patberg,Höfig Berger AG,Ellen-Hauffer-Weg,6,83068,Perleberg,01-04-1987,2001-01-13,+49(0)9257 955671,Reginald.Patberg@höfig-berger-ag.de,DE21562177959722345486
Meinhard,Faust,Meyer,Brigitte-Trüb-Allee,6,85542,Schrobenhausen,15-06-1979,2011-07-16,+49 (0) 3026 287758,Meinhard.Faust@meyer.de,DE62755364838176981210
Hasan,Weller,Röhricht KGaA,Marlies-Kranz-Allee,8/2,95630,Eberswalde,10-12-1975,2000-12-30,04081140534,Hasan.Weller@röhricht-kgaa.de,DE26105239519539142396
Axel,Kobelt,Gierschner OHG mbH,Trübstr.,5/8,85790,Ingolstadt,27-07-1991,2005-11-13,01837868003,Axel.Kobelt@gierschner-ohg-mbh.de,DE13466853158682342621
Elisabet,Staude,Schottin Trupp KG,Schwitalgasse,176,00383,Dessau,03-06-1994,2018-11-11,(05646) 915736,Elisabet.Staude@schottin-trupp-kg.de,DE18177594197024279681
Nora,Wagenknecht,Mende AG & Co. KG,Wagenknechtstr.,248,81839,Königs Wusterhausen,31-01-1985,2012-03-02,(02333) 887816,Nora.Wagenknecht@mende-ag-co-kg.de,DE89144421227880006871
Danica,Becker,Birnbaum e.G.,Juliane-Mülichen-Ring,136,25724,Aschaffenburg,22-04-1974,2013-04-28,+49 (0) 5996 335752,Danica.Becker@birnbaum-e-g-.de,DE05945657152359659841
Marit,Ehlert,Döring,Heckerstr.,4,53671,Bogen,24-07-1980,2016-12-21,01150020651,Marit.Ehlert@döring.de,DE32160721159925255659
Catharina,Wulf,Rose Stiffel GbR,Paffrathplatz,7/7,13013,Eilenburg,18-10-1972,2015-07-13,01236 585250,Catharina.Wulf@rose-stiffel-gbr.de,DE77283854731791964034
Anka,Schüler,Blümel GmbH,Södingplatz,9/4,46143,Gräfenhainichen,15-06-1975,2017-02-23,+49(0) 633424541,Anka.Schüler@blümel-gmbh.de,DE05955620648145510863
Ursel,Krebs,Wieloch AG,Junckengasse,3/4,12996,Uelzen,16-09-1975,2011-04-09,03192704536,Ursel.Krebs@wieloch-ag.de,DE06196390015217799857
Dorota,Franke,Schmiedecke AG,Enno-Drub-Allee,6,43654,Mühldorf am Inn,17-04-1995,2016-09-30,0958883772,Dorota.Franke@schmiedecke-ag.de,DE70821939235570746974
Sigfried,Hübel,Matthäi AG & Co. KG,Jockelgasse,5,82092,Neustadt am Rübenberge,29-12-1978,2020-09-18,+49(0)8918 46853,Sigfried.Hübel@matthäi-ag-co-kg.de,DE35290751875291643579
Ingeborg,Schuster,Dörschner e.G.,Halina-Klingelhöfer-Weg,505,97443,Brand,18-09-1997,2011-08-24,(08739) 464283,Ingeborg.Schuster@dörschner-e-g-.de,DE45223829858877178645
Frieder,Wende,Pruschke,Tröstweg,800,86933,Sonneberg,28-05-1982,2002-06-17,02250 304346,Frieder.Wende@pruschke.de,DE65371887521299382417
Adalbert,Heintze,Ebert AG,Reimer-Klapp-Gasse,430,79700,Feuchtwangen,24-02-1994,2013-07-16,04394643428,Adalbert.Heintze@ebert-ag.de,DE37332878964683343982
Axel,Rudolph,Zahn Kade e.V.,Madlen-Gorlitz-Weg,4/6,99744,Rothenburg ob der Tauber,13-06-1974,2010-08-13,08167 95900,Axel.Rudolph@zahn-kade-e-v-.de,DE91862476480801857415
Hubert,Krein,Hande e.G.,Gina-Reinhardt-Gasse,0,73902,Dresden,07-11-1991,2007-09-14,09070 64696,Hubert.Krein@hande-e-g-.de,DE07311232433099231363
Luzie,Sölzer,Walter Martin GmbH & Co. OHG,Christiana-Werner-Ring,21,83445,Neustrelitz,08-11-1990,2003-03-24,+49 (0) 9871 550843,Luzie.Sölzer@walter-martin-gmbh-co-ohg.de,DE26455079135006658927
Fabian,Beckmann,Fliegner Bender GmbH & Co. KGaA,Curt-Zahn-Platz,0,41217,Jena,18-08-1972,2012-11-02,08054865882,Fabian.Beckmann@fliegner-bender-gmbh-co-kgaa.de,DE78835666578154727119
Karoline,Becker,Weitzel,Neuschäferplatz,6/1,94269,Osterode am Harz,09-12-1988,2010-08-30,+49(0)0297177100,Karoline.Becker@weitzel.de,DE48766638936282339497
Paola,Bauer,Heintze GmbH,Miesweg,2,41085,Burg,31-12-1980,2003-04-25,+49 (0) 4923 043530,Paola.Bauer@heintze-gmbh.de,DE87874905993161207551
Carla,Linke,Trubin,Bährstraße,7,50782,Saulgau,05-12-1992,2013-03-31,(04802) 492215,Carla.Linke@trubin.de,DE05799325635238075440
Claus,Dobes,Jähn Scheel Stiftung & Co. KG,Albersgasse,433,48235,Wolfach,24-09-1972,2019-02-21,07815 820322,Claus.Dobes@jähn-scheel-stiftung-co-kg.de,DE20855115135061327932
Rocco,Hettner,Kaul,Tomasz-Stoll-Straße,721,08740,Mühldorf am Inn,07-11-1997,2001-04-07,+49(0)0894 62319,Rocco.Hettner@kaul.de,DE36202740335151058141
Friedhelm,Kohl,Fliegner GmbH,Heringgasse,18,53608,Strausberg,15-05-1985,2002-12-29,+49(0) 377887851,Friedhelm.Kohl@fliegner-gmbh.de,DE18466830311898812991
Roland,Meister,Keudel Eckbauer GmbH & Co. KG,Anne-Rose-Gieß-Ring,33,44206,Wismar,31-12-1986,2001-09-13,0716734520,Roland.Meister@keudel-eckbauer-gmbh-co-kg.de,DE55683267664161107615
Wilma,Jacob,Matthäi Stiftung & Co. KG,Bergerring,2,25455,Eisenberg,07-05-1970,2010-12-29,+49(0)9728 066357,Wilma.Jacob@matthäi-stiftung-co-kg.de,DE43410237815399498250
André,Christoph,Wohlgemut KGaA,Natalie-Gotthard-Weg,618,47195,Nabburg,06-04-1979,2005-12-20,08135876785,André.Christoph@wohlgemut-kgaa.de,DE35554771010168828524
Hellmut,Hamann,Steinberg KG,Neureutherstraße,86,78675,Lemgo,15-08-1994,2007-09-13,+49(0)1338 17650,Hellmut.Hamann@steinberg-kg.de,DE42780086635248793081
Massimo,Pärtzelt,Losekann KG,Geißlerweg,0,16018,Sigmaringen,26-08-1977,2008-06-17,03869850438,Massimo.Pärtzelt@losekann-kg.de,DE34244526462564863699
Peer,Henschel,Schmiedecke,Schomberstr.,92,63162,Niesky,10-05-1982,2012-07-26,09367810459,Peer.Henschel@schmiedecke.de,DE12009193309809647213
Dorothe,Wesack,Hölzenbecher,Hans-Günther-Huhn-Gasse,37,26512,Hofgeismar,12-02-1990,2013-06-26,0882841606,Dorothe.Wesack@hölzenbecher.de,DE50914449552547964296
Antonino,Hermighausen,Lindner Höfig GmbH,Antonios-Ullmann-Platz,2,10971,Eckernförde,25-10-1984,2014-05-08,+49(0)4969 457665,Antonino.Hermighausen@lindner-höfig-gmbh.de,DE11886907428335008518
Swen,Birnbaum,Baum,Elsa-Neureuther-Platz,7/5,65882,Kemnath,11-10-1976,2014-09-18,+49 (0) 9088 561006,Swen.Birnbaum@baum.de,DE59729584747101308708
Frederike,Haering,Jacobi Jäckel Scheuermann KGaA,Centa-Anders-Allee,4,40009,Guben,05-07-1996,2002-10-09,00257333636,Frederike.Haering@jacobi-jäckel-scheuermann-kgaa.de,DE40600263686704963882
Dora,Ruppersberger,Lübs Gunpf AG,Ron-Schweitzer-Ring,0,28822,Sondershausen,25-04-1998,2003-04-10,+49(0)0256 771543,Dora.Ruppersberger@lübs-gunpf-ag.de,DE96708333984526909709
Silke,Schleich,Hering OHG mbH,Striebitzallee,1,27607,Schmölln,10-03-1984,2011-12-06,+49(0) 108083943,Silke.Schleich@hering-ohg-mbh.de,DE47698202695952429363
Nicolaus,Schäfer,Warmer Martin GmbH & Co. KGaA,Hildegunde-Gotthard-Allee,76,62564,Schrobenhausen,27-01-1977,2008-07-10,+49(0) 926170497,Nicolaus.Schäfer@warmer-martin-gmbh-co-kgaa.de,DE53723096757801354404
Hülya,Riehl,Fischer Steinberg KG,Naserallee,40,21981,Hagenow,15-05-1977,2015-09-09,+49(0)2388 915034,Hülya.Riehl@fischer-steinberg-kg.de,DE43767215520671094867
Sybille,Klapp,Dobes GmbH & Co. KGaA,Wilmsenstr.,99,85947,Emmendingen,07-03-1991,2012-01-07,+49(0)7182268675,Sybille.Klapp@dobes-gmbh-co-kgaa.de,DE14395811180838256802
Anica,Eimer,Kraushaar Henck AG,Hilmar-Lachmann-Allee,50,79358,Forst,12-03-1985,2008-10-06,+49(0)2047 437942,Anica.Eimer@kraushaar-henck-ag.de,DE80002145848067775445
Aurelia,Löwer,Butte Wähner KGaA,Wohlgemutstr.,577,86075,Emmendingen,14-07-1975,2001-08-02,04889 932236,Aurelia.Löwer@butte-wähner-kgaa.de,DE11213892390318257129
Peter,Linke,Preiß KGaA,Killerring,73,80722,Zschopau,18-11-1996,2002-03-19,0351281858,Peter.Linke@preiß-kgaa.de,DE82674714444325365850
Galina,Stumpf,Weller,Leopold-Wohlgemut-Weg,43,19333,Zeulenroda,23-01-1973,2013-09-13,+49(0)3677559341,Galina.Stumpf@weller.de,DE37813983982914690381
Knut,Hoffmann,Mende,Hilda-Kühnert-Allee,71,43107,Sigmaringen,07-01-1982,2013-01-19,+49(0)6936 35212,Knut.Hoffmann@mende.de,DE83014586985488322974
Ursula,Paffrath,Kobelt,Buchholzstr.,64,78590,Freital,25-11-1970,2008-11-17,+49(0)7264 26455,Ursula.Paffrath@kobelt.de,DE07236347045287839086
Hubertus,Krein,Bauer,Hövelring,0/6,51959,Husum,26-07-1970,2002-01-09,+49(0)3984 046069,Hubertus.Krein@bauer.de,DE38517947763894305002
Marcella,Weinhage,Holsten,Römerallee,010,49648,Hildburghausen,29-09-1977,2013-01-01,01870 12993,Marcella.Weinhage@holsten.de,DE73510099739103319402
Hartwig,Stoll,Bähr Oderwald GmbH & Co. KG,Müllerring,54,03963,Ludwigslust,16-11-1972,2005-12-24,04330 310836,Hartwig.Stoll@bähr-oderwald-gmbh-co-kg.de,DE88178458253532354722
Adelheid,Keudel,Barkholz Tröst KGaA,Beatrix-Ditschlerin-Allee,4/7,96662,Rothenburg ob der Tauber,13-07-1973,2012-02-08,02701 536398,Adelheid.Keudel@barkholz-tröst-kgaa.de,DE25739432177622544689
Gertrud,Schinke,Klingelhöfer,Frederike-Holsten-Weg,4,29442,Werdau,08-01-1979,2015-08-16,08575 197043,Gertrud.Schinke@klingelhöfer.de,DE94210289777490107680
Inga,Adolph,Schinke,Kambsgasse,2,51162,Zossen,18-01-1995,2011-04-26,03008 34432,Inga.Adolph@schinke.de,DE71925532314997251383
Frieda,Rohleder,Krause Dobes GbR,Trommlerstr.,54,48831,Germersheim,19-03-1986,2004-09-24,+49(0)3756058978,Frieda.Rohleder@krause-dobes-gbr.de,DE05741286388658595717
Maurizio,Hornig,Hübel Rohleder AG,Keudelweg,1/9,08375,Backnang,11-08-1991,2017-01-08,+49(0)6857 905175,Maurizio.Hornig@hübel-rohleder-ag.de,DE05823316629870230707
Siegrid,Sauer,Beer,Christine-Tröst-Weg,4,02245,Illertissen,18-02-1994,2015-10-18,+49 (0) 8307 874011,Siegrid.Sauer@beer.de,DE05897962614321890768
Lisette,Stiebitz,Budig GmbH,Othmar-Boucsein-Gasse,408,82881,Vohenstrauß,03-11-1981,2019-12-27,+49(0) 788140918,Lisette.Stiebitz@budig-gmbh.de,DE28303593668467450673
Kenneth,Heser,Conradi GmbH,Pergandeallee,7/6,15481,Wesel,10-05-1973,2013-04-16,+49(0)6799 75861,Kenneth.Heser@conradi-gmbh.de,DE39127953629354883018
Friedhold,Mende,Gotthard AG & Co. KGaA,Brunhild-Ullmann-Platz,8/9,02990,Angermünde,15-09-1971,2013-06-05,+49 (0) 3473 714237,Friedhold.Mende@gotthard-ag-co-kgaa.de,DE47134891643521755738
Cläre,Wernecke,Blümel GmbH & Co. KG,Friedemann-Wagner-Platz,66,54668,Dinkelsbühl,26-03-1979,2000-12-14,(02814) 58595,Cläre.Wernecke@blümel-gmbh-co-kg.de,DE81918461663806581942
Hilma,Jacobi Jäckel,Heuser GmbH,Börnerstr.,80,78751,Soltau,21-07-1980,2010-12-31,00252219129,Hilma.Jacobi Jäckel@heuser-gmbh.de,DE02540355357316057202
Friedlinde,Oestrovsky,Weihmann,Butteplatz,9,59149,Steinfurt,31-10-1997,2010-11-02,(01626) 868742,Friedlinde.Oestrovsky@weihmann.de,DE55629475810318744901
Sven,Krause,Dussen van Naser OHG mbH,Pedro-Trub-Platz,0,64710,Greiz,17-03-1989,2015-01-31,+49(0)7063853451,Sven.Krause@dussen-van-naser-ohg-mbh.de,DE48743287347856221766
Luisa,Flantz,Kraushaar,Geißlerweg,4/3,91291,Bergzabern,04-01-1986,2006-04-14,(07283) 628912,Luisa.Flantz@kraushaar.de,DE35109202975775595485
Toni,Steinberg,Segebahn AG & Co. KG,Kata-Mohaupt-Allee,951,44031,Schwerin,20-05-1970,2017-12-15,0395316136,Toni.Steinberg@segebahn-ag-co-kg.de,DE67501247851791566096
Mohammed,Jacobi Jäckel,Dörschner,Karl-Hans-Heinz-Weg,3,81899,Bad Kissingen,15-07-1986,2018-04-05,+49(0) 067163223,Mohammed.Jacobi Jäckel@dörschner.de,DE24840472535772100184
Eveline,Kaul,Gieß GbR,Dippelallee,4,91856,Grevenbroich,06-07-1978,2013-04-15,+49(0)1295 119375,Eveline.Kaul@gieß-gbr.de,DE98319347560323068137
Edwin,Kambs,Walter Stiftung & Co. KGaA,Krauseweg,34,63864,Regen,03-10-1995,2006-11-01,+49 (0) 3143 390377,Edwin.Kambs@walter-stiftung-co-kgaa.de,DE19101525843707852475
Adolfine,Conradi,Ditschlerin Gnatz e.V.,Bastian-Walter-Gasse,5,02770,Neuss,28-03-1996,2009-12-29,(04570) 30778,Adolfine.Conradi@ditschlerin-gnatz-e-v-.de,DE14662829130696797762
Mesut,Jacobi Jäckel,Lange KG,Geiselstraße,03,77640,Ludwigslust,12-09-1975,2006-06-05,(08104) 41114,Mesut.Jacobi Jäckel@lange-kg.de,DE67578548091205471388
Ottilie,Römer,Klemm,Freudenbergerallee,298,48027,Lobenstein,17-04-1977,2009-04-03,(08579) 485003,Ottilie.Römer@klemm.de,DE49345467272111696710
Leonard,Krause,Graf Stiftung & Co. KG,Karl-Otto-Hendriks-Straße,8/7,46319,Oranienburg,27-06-1998,2004-06-27,03650782794,Leonard.Krause@graf-stiftung-co-kg.de,DE85220599917617697131
Holger,Loos,Weitzel,Heidelinde-Müller-Ring,576,85995,Rudolstadt,04-05-1974,2020-06-01,+49(0)4069556799,Holger.Loos@weitzel.de,DE31823451093043110491
Janine,Heintze,Wagner GmbH,Carstengasse,14,88735,Jüterbog,15-08-1986,2015-12-08,(02703) 332498,Janine.Heintze@wagner-gmbh.de,DE57392864482399053047
Carl,Budig,Bien Adler e.V.,Corina-Bauer-Platz,34,28109,Hersbruck,27-03-1990,2006-01-09,09574 88658,Carl.Budig@bien-adler-e-v-.de,DE90382472587616992140
Anneliese,Schuster,Roskoth KGaA,Koch IIgasse,5,97433,Schweinfurt,03-04-1982,2001-07-17,07613053273,Anneliese.Schuster@roskoth-kgaa.de,DE85175952297046906086
Sandy,Wilms,Bloch,Nick-Martin-Platz,910,52515,Celle,21-02-1978,2019-02-12,0848610502,Sandy.Wilms@bloch.de,DE71271733683168645417
Annelies,Scholl,Peukert,Hans-Gerhard-Eckbauer-Straße,0/7,22488,Seelow,16-07-1996,2002-02-03,06621558002,Annelies.Scholl@peukert.de,DE67658550846029204173
Bianka,Weller,Bohnbach Fischer GmbH,Hüseyin-Kensy-Straße,3,14947,Neuss,21-10-1980,2020-11-21,00176076313,Bianka.Weller@bohnbach-fischer-gmbh.de,DE47162041584821639758
Birthe,Fröhlich,Schweitzer GmbH & Co. KG,Wagenknechtstraße,15,54200,Uelzen,05-11-1999,2009-10-26,+49 (0) 7527 994130,Birthe.Fröhlich@schweitzer-gmbh-co-kg.de,DE09093178362093019045
Margrit,Nohlmans,Kallert Bloch GmbH,Harriet-Kohl-Straße,908,12145,Eisenach,07-04-1980,2013-06-16,04520093173,Margrit.Nohlmans@kallert-bloch-gmbh.de,DE91472977031969421526
Stjepan,Döhn,Schuster,Alwina-Bolnbach-Straße,0,50430,Soltau,03-10-1991,2007-01-08,+49(0)2531951091,Stjepan.Döhn@schuster.de,DE20352862184018144611
Jenny,Hornich,Textor Holt AG & Co. OHG,Cornelia-Dobes-Gasse,26,72705,Regen,02-12-1977,2016-11-20,+49 (0) 3453 111852,Jenny.Hornich@textor-holt-ag-co-ohg.de,DE13890452309806295921
Mohammed,Dehmel,Bolnbach,Blümelstraße,60,75409,Pößneck,14-09-1998,2003-08-09,(01008) 490769,Mohammed.Dehmel@bolnbach.de,DE40918816259365907084
Balthasar,Döring,Caspar,Tom-Geisler-Gasse,4,60636,Schleiz,15-01-1970,2012-09-26,+49(0)8626 31062,Balthasar.Döring@caspar.de,DE89135531346323676637
Nikolaos,Fischer,Birnbaum,Hans-Heinrich-Junk-Weg,2/0,66137,Auerbach,11-07-1997,2017-09-10,+49(0)4006941169,Nikolaos.Fischer@birnbaum.de,DE39363837446035845891
Imelda,Barkholz,Seidel Johann GmbH & Co. KGaA,Fischerstr.,2/3,64238,Aschaffenburg,01-10-1978,2015-09-13,+49(0)8038 943588,Imelda.Barkholz@seidel-johann-gmbh-co-kgaa.de,DE03799386177300046554
Kata,Ortmann,Schmiedecke,Cilly-Mitschke-Ring,0,29574,Darmstadt,18-06-1973,2011-01-18,+49(0)6656 945894,Kata.Ortmann@schmiedecke.de,DE10564207523429249847
Jadwiga,Hentschel,Heintze Faust AG,Losekannring,9,82089,Celle,21-11-1982,2008-12-07,+49(0) 175593778,Jadwiga.Hentschel@heintze-faust-ag.de,DE58191815493447536699
Mechthild,Lehmann,Vollbrecht Meyer GmbH & Co. KG,Sandra-Hein-Straße,39,11100,Hannover,17-10-1982,2010-11-20,(02758) 94469,Mechthild.Lehmann@vollbrecht-meyer-gmbh-co-kg.de,DE79976830694471961468
Silke,Wagenknecht,Schüler Reising GmbH & Co. KGaA,Plathring,8,85933,Bad Mergentheim,04-02-1982,2004-04-06,+49(0) 326942467,Silke.Wagenknecht@schüler-reising-gmbh-co-kgaa.de,DE23482854127403598578
Hildegunde,Seifert,Wende Peukert KG,Weimerstraße,4,63502,Anklam,14-04-1989,2002-09-04,01006125046,Hildegunde.Seifert@wende-peukert-kg.de,DE41054635934698784539
Giesela,Pärtzelt,Trubin,Rosmarie-Loos-Allee,2/7,33721,Biedenkopf,02-07-1971,2002-11-27,07968 804376,Giesela.Pärtzelt@trubin.de,DE18561633548327035472
Andrej,Ullmann,Mühle,Ilonka-Roht-Allee,324,20611,Hohenstein-Ernstthal,13-04-1994,2006-10-10,+49(0)1407 29056,Andrej.Ullmann@mühle.de,DE16119825349797849727
Nurten,Buchholz,Jacob Schmiedt KGaA,Ariane-Beer-Allee,8/6,09152,Hettstedt,24-01-1979,2006-07-12,+49(0)6040 98785,Nurten.Buchholz@jacob-schmiedt-kgaa.de,DE38352090604450079731
Samir,Losekann,Ziegert Franke GmbH & Co. KGaA,Patrizia-Säuberlich-Gasse,706,94780,Viersen,23-05-1998,2007-11-30,0055199946,Samir.Losekann@ziegert-franke-gmbh-co-kgaa.de,DE92173465380809744890
Romana,Blümel,Rust,Alberto-Christoph-Straße,5,12529,Hohenstein-Ernstthal,28-02-1991,2011-06-06,(07839) 503824,Romana.Blümel@rust.de,DE73396410721956316051
Clemens,Mangold,Karz,Annika-Weller-Ring,015,53091,Eichstätt,28-02-1986,2015-07-04,08094 85932,Clemens.Mangold@karz.de,DE68661553704342451186
Burkhardt,Langern,Geisel Jäntsch AG,Paffrathring,9,22373,Koblenz,26-10-1983,2007-10-06,+49(0)0927 43548,Burkhardt.Langern@geisel-jäntsch-ag.de,DE78723996393704577410
Eva-Maria,Klemm,Harloff Segebahn GmbH & Co. OHG,Karzgasse,86,49448,Darmstadt,27-12-1993,2011-11-16,+49 (0) 2926 580941,Eva-Maria.Klemm@harloff-segebahn-gmbh-co-ohg.de,DE64062709885784534096
Elfi,Trupp,Scheel Jockel GmbH,Matthäistraße,109,57403,Einbeck,07-06-1998,2018-07-18,+49 (0) 5621 055039,Elfi.Trupp@scheel-jockel-gmbh.de,DE17428389987317115164
Tibor,Wagenknecht,Werner,Marija-Döhn-Allee,8,25753,Potsdam,11-09-1972,2016-06-03,+49(0)9797903621,Tibor.Wagenknecht@werner.de,DE15413561656682546047
Vitus,Jungfer,Seidel Stiftung & Co. KG,Thiesgasse,22,58448,Hildburghausen,29-09-1976,2009-11-23,+49(0)7754 92876,Vitus.Jungfer@seidel-stiftung-co-kg.de,DE35606689571135307895
Kazim,Meyer,Bolzmann,Barthplatz,518,12935,Erding,15-06-1979,2008-12-18,(06992) 119926,Kazim.Meyer@bolzmann.de,DE13528673304575764535
Mohammed,Henk,Hellwig Köster KG,Zbigniew-Eberhardt-Straße,521,96630,Bayreuth,30-12-1983,2009-01-19,(01241) 96416,Mohammed.Henk@hellwig-köster-kg.de,DE93027374425008625545
Heinz-Wilhelm,Bolzmann,Hörle,Bruderweg,394,78515,Main-Höchst,08-06-1989,2015-09-05,+49(0) 201252749,Heinz-Wilhelm.Bolzmann@hörle.de,DE26000914669590152678
Aynur,Juncken,Radisch GmbH & Co. KG,Thanelring,638,82517,Feuchtwangen,24-04-1986,2006-02-24,(00985) 79031,Aynur.Juncken@radisch-gmbh-co-kg.de,DE41079310358137957682
Antonietta,Wende,Reinhardt,Reiner-Ehlert-Straße,5,92477,Schwäbisch Gmünd,19-10-1988,2007-11-27,+49(0)7762 237741,Antonietta.Wende@reinhardt.de,DE32302162916568944873
Sigfried,Hettner,Beckmann,Heinzstraße,397,44987,Kelheim,01-06-1995,2001-02-25,+49(0)0472878422,Sigfried.Hettner@beckmann.de,DE28668939357808747048
Jadwiga,Schuchhardt,Mitschke Junitz KGaA,Patrick-Seifert-Ring,2/2,78651,Forst,13-01-1975,2001-09-09,0922389076,Jadwiga.Schuchhardt@mitschke-junitz-kgaa.de,DE35746936130892485269
Andreas,Freudenberger,Freudenberger GmbH & Co. KG,Stilla-Linke-Allee,6,69937,Calw,28-05-1993,2017-07-11,07405 116428,Andreas.Freudenberger@freudenberger-gmbh-co-kg.de,DE48613472109747948365
Karl,Jockel,Stolze GmbH,Frankestr.,02,39500,Plauen,05-02-1997,2006-02-02,06845 37203,Karl.Jockel@stolze-gmbh.de,DE18508669858554082244
Fatima,Hellwig,Dowerg,Wendeweg,9,46006,Neubrandenburg,21-01-1975,2012-10-07,+49(0)0255 801211,Fatima.Hellwig@dowerg.de,DE36827879950309528577
Ilona,Knappe,Eberth,Wähnerstr.,4,29832,Pritzwalk,12-09-1982,2013-10-17,06504707163,Ilona.Knappe@eberth.de,DE29734627651815439172
Ralf-Peter,Junken,Hellwig,Martinstraße,5,71066,Kamenz,18-12-1996,2014-07-24,+49(0)4190 10566,Ralf-Peter.Junken@hellwig.de,DE95110359327437836403
Jessica,Schaaf,Gorlitz,Eugenia-Hein-Allee,0,68158,Fallingbostel,18-05-1971,2008-02-04,04936233470,Jessica.Schaaf@gorlitz.de,DE50509531251968664560
Aloisia,Fechner,Fechner KGaA,Alf-Hornig-Weg,722,04005,Illertissen,27-05-1983,2013-04-18,+49 (0) 1153 747024,Aloisia.Fechner@fechner-kgaa.de,DE17458838873319920850
Ivan,Hartmann,Schönland Gude GmbH,Helga-Budig-Allee,43,22248,Kemnath,14-02-1995,2001-02-09,(00250) 824386,Ivan.Hartmann@schönland-gude-gmbh.de,DE76069103710770567283
Philipp,Pärtzelt,Karz GmbH & Co. KG,Hölzenbecherstraße,917,53641,Eichstätt,14-11-1989,2011-09-22,0956320502,Philipp.Pärtzelt@karz-gmbh-co-kg.de,DE48559186391487261023
Stanislav,Süßebier,Gutknecht Faust AG,Junckenstr.,461,47112,Jessen,12-10-1972,2006-09-05,03027 07808,Stanislav.Süßebier@gutknecht-faust-ag.de,DE87760497303518940549
Ayse,Schüler,Becker,Niemeierstraße,17,56954,Eckernförde,22-07-1997,2013-12-09,03495 73468,Ayse.Schüler@becker.de,DE97912063612650109772
Daniela,Stey,Junitz,Deborah-Sauer-Platz,351,17939,Merseburg,20-06-1999,2017-08-01,+49(0) 342530014,Daniela.Stey@junitz.de,DE88452924367048468255
Roderich,Müller,Gotthard AG,Siegrun-Hartung-Gasse,3/0,53443,Ravensburg,12-12-1995,2013-02-02,(03602) 66074,Roderich.Müller@gotthard-ag.de,DE07507666531940605484
Marko,Köhler,Ladeck GmbH,Benderweg,036,90907,Cloppenburg,03-09-1997,2016-09-26,+49 (0) 6688 632673,Marko.Köhler@ladeck-gmbh.de,DE75612355087398339653
Magarete,Lübs,Koch II KG,Aumannplatz,0,97252,Jessen,03-12-1986,2007-06-09,04799 09914,Magarete.Lübs@koch-ii-kg.de,DE95420521556311157353
Bruni,Kühnert,Mosemann KG,Holzapfelallee,60,44058,Bremervörde,30-10-1970,2012-03-12,08333 945485,Bruni.Kühnert@mosemann-kg.de,DE33121042080175011836
Karl-Otto,Wulf,Mentzel GbR,Hans-Henning-Mude-Ring,676,96208,Beilngries,09-03-1973,2004-04-04,02086 67216,Karl-Otto.Wulf@mentzel-gbr.de,DE26830350292969608512
Paola,Hamann,Textor,Nohlmansplatz,30,13971,Nauen,09-10-1977,2017-04-22,(04524) 898067,Paola.Hamann@textor.de,DE43439130724618150955
Geert,Matthäi,Wesack Schäfer e.V.,Rosemannplatz,34,71718,Naila,17-08-1986,2007-08-25,00733085764,Geert.Matthäi@wesack-schäfer-e-v-.de,DE88447140211460368582
Franz-Josef,Nerger,Schleich Winkler GmbH & Co. OHG,Giuseppe-Heß-Weg,7/3,95172,Worbis,12-08-1992,2006-02-26,+49(0)4604 26089,Franz-Josef.Nerger@schleich-winkler-gmbh-co-ohg.de,DE46949249167887798029
Luise,Ritter,Ditschlerin Kabus AG & Co. KGaA,Susanne-Christoph-Straße,505,19659,Lüdinghausen,08-10-1992,2002-12-31,+49 (0) 2157 202571,Luise.Ritter@ditschlerin-kabus-ag-co-kgaa.de,DE31840541929592331736
Otto,Höfig,Girschner Stiftung & Co. KGaA,Victor-Jähn-Platz,83,38345,Ludwigsburg,24-02-1995,2016-04-04,+49 (0) 3218 316820,Otto.Höfig@girschner-stiftung-co-kgaa.de,DE27656550454434715268
Heinz-Günter,Birnbaum,Wiek,Arne-Hethur-Platz,2/8,48274,Stade,21-09-1990,2006-05-22,+49(0)2725 12115,Heinz-Günter.Birnbaum@wiek.de,DE40557276692147826936
Carola,Sölzer,Baum Kaul KG,Achim-Junck-Platz,5/2,83905,Bad Liebenwerda,07-09-1996,2001-11-15,06629 317639,Carola.Sölzer@baum-kaul-kg.de,DE17639327519101622400
Miguel,Roskoth,Schlosser e.V.,Knappeallee,479,83285,Regensburg,18-10-1997,2001-02-12,+49(0) 231731119,Miguel.Roskoth@schlosser-e-v-.de,DE96883500732278285232
Slawomir,Spieß,Scholtz Förster AG & Co. KG,Irmengard-Kade-Allee,0,51900,Eisenberg,23-09-1992,2002-05-21,08681038096,Slawomir.Spieß@scholtz-förster-ag-co-kg.de,DE56671378499504996186
Laila,Schleich,Trommler,Enver-Gumprich-Platz,565,40286,Neu-Ulm,12-08-1971,2008-11-06,+49(0)5298174989,Laila.Schleich@trommler.de,DE80473392401048677101
Damian,Sauer,Walter,auch Schlauchinstr.,35,91163,Wesel,08-02-1996,2018-10-06,(00301) 21633,Damian.Sauer@walter.de,DE51542398364573312489
Josephine,Ziegert,Graf Jäkel KG,Möchlichenring,49,81836,Soest,07-03-1990,2008-09-30,02366 21280,Josephine.Ziegert@graf-jäkel-kg.de,DE04369363530531156564
Christa-Maria,Karge,Scholz Kambs AG,Junkallee,42,93827,Magdeburg,03-08-1975,2006-01-09,+49(0)6080 310310,Christa-Maria.Karge@scholz-kambs-ag.de,DE28450382755496698508
Pia,Patberg,Flantz Wirth GmbH & Co. OHG,Grzegorz-Beckmann-Straße,4/2,67138,Ilmenau,13-09-1992,2001-10-20,+49(0)3405282903,Pia.Patberg@flantz-wirth-gmbh-co-ohg.de,DE06811979972353429490
Alwin,Röhricht,Boucsein,Tintzmannplatz,2,16178,Crailsheim,02-07-1983,2017-07-09,+49(0)6694 744947,Alwin.Röhricht@boucsein.de,DE61041982292116092297
Sarah,Binner,Löchel,Julius-Sölzer-Ring,41,32172,Säckingen,03-12-1999,2004-01-19,0000123410,Sarah.Binner@löchel.de,DE75156966965062523989
Mohammed,Süßebier,Stahr,Arndt-Wagenknecht-Ring,8/9,04695,Altötting,21-07-1981,2011-09-07,+49(0)0906 87289,Mohammed.Süßebier@stahr.de,DE97980445463254820103
Eugenie,Otto,Metz Reichmann GmbH,Wilhelm-Spieß-Weg,335,86030,Lemgo,16-09-1971,2016-01-03,+49 (0) 4413 934035,Eugenie.Otto@metz-reichmann-gmbh.de,DE91547291473102942243
Tamara,Dippel,Drewes Pieper OHG mbH,Hans Georg-Holt-Allee,661,24869,Rosenheim,07-01-1992,2014-08-11,(05195) 194341,Tamara.Dippel@drewes-pieper-ohg-mbh.de,DE64176351337907983739
Reimund,Hertrampf,Schönland,Hanno-Junitz-Weg,59,86691,Wolmirstedt,17-06-1996,2012-04-18,0948563065,Reimund.Hertrampf@schönland.de,DE79888561779667680278
Juergen,Bärer,Benthin AG,Killergasse,9,90917,Schmölln,19-06-1974,2011-11-21,+49(0)6070 45158,Juergen.Bärer@benthin-ag.de,DE63096276401408668045
Sandy,Köhler,Lehmann Briemer GmbH,Mattias-Käster-Weg,2,42542,Kitzingen,31-03-1991,2004-02-13,+49(0) 248999820,Sandy.Köhler@lehmann-briemer-gmbh.de,DE70983060351213046309
Kaspar,Roskoth,Hermann Dörschner GmbH & Co. KG,Junckenplatz,37,37121,Sulzbach-Rosenberg,30-10-1981,2017-08-17,+49 (0) 8256 392897,Kaspar.Roskoth@hermann-dörschner-gmbh-co-kg.de,DE97556644852023477603
Heinz-Walter,Rust,Kruschwitz Barth AG,Hartungplatz,2,66100,Backnang,14-12-1997,2004-10-26,01226 054373,Heinz-Walter.Rust@kruschwitz-barth-ag.de,DE51318158099785465119
Reinhard,Hölzenbecher,Stahr,Wieland-Kitzmann-Allee,274,04400,Badoberan,10-10-1974,2001-03-17,0748514521,Reinhard.Hölzenbecher@stahr.de,DE69970332248443338967
Irmtraud,Klemm,Graf Kade Stiftung & Co. KGaA,Schmiedtstraße,2/7,12641,Lübz,29-09-1986,2005-11-07,01685119675,Irmtraud.Klemm@graf-kade-stiftung-co-kgaa.de,DE43263998117558818867
Iwona,Neuschäfer,Ernst Pergande AG & Co. KG,Handeweg,68,86747,Saarbrücken,06-03-1992,2017-05-12,(06996) 60003,Iwona.Neuschäfer@ernst-pergande-ag-co-kg.de,DE08233225326903047967
Bianka,Jopich,Hermann,Schmidtkestr.,3,92267,Ebern,01-11-1973,2010-12-30,+49(0)5832658007,Bianka.Jopich@hermann.de,DE05629500288749958339
Annekatrin,Boucsein,Ditschlerin GmbH & Co. OHG,Kochweg,7,35016,Suhl,25-05-1995,2001-12-24,+49(0)0558 63988,Annekatrin.Boucsein@ditschlerin-gmbh-co-ohg.de,DE18995570077478528057
Louise,Heinz,Hettner,Reinhart-Thanel-Ring,5,84295,Parsberg,16-10-1977,2008-11-21,+49 (0) 8594 237354,Louise.Heinz@hettner.de,DE97349326836492125106
Bodo,Mielcarek,Stroh,Flantzallee,565,77125,Melle,29-10-1990,2014-09-21,(04662) 60032,Bodo.Mielcarek@stroh.de,DE22405925326110016977
Annekatrin,Adolph,Dehmel Hermann AG,Edward-Reuter-Weg,389,72550,Ingolstadt,21-10-1983,2015-03-19,05319 14046,Annekatrin.Adolph@dehmel-hermann-ag.de,DE67354815045465938641
Gerhild,Holzapfel,Ruppersberger GmbH,Ina-Seifert-Allee,3/4,23077,Ochsenfurt,15-04-1996,2017-11-24,+49(0) 544357879,Gerhild.Holzapfel@ruppersberger-gmbh.de,DE66008510230567101985
Ernst,Linke,Carsten GbR,Rörrichtweg,77,42578,Melle,05-05-1970,2001-11-05,+49(0)4522 502644,Ernst.Linke@carsten-gbr.de,DE90786160758570125277
Heinfried,Kade,Heydrich OHG mbH,Hillerallee,8/2,39798,Schwäbisch Hall,05-03-1995,2005-11-14,+49 (0) 8220 996738,Heinfried.Kade@heydrich-ohg-mbh.de,DE04001793602806854022
Anton,Ernst,Eimer,Ludmilla-Reising-Weg,94,77474,Hildesheim,26-08-1977,2008-05-22,(04335) 013310,Anton.Ernst@eimer.de,DE73719813105266311822
Hans-Adolf,Ritter,Killer KG,Bolnbachstr.,74,30977,Bergzabern,11-01-1998,2010-01-31,09493 418889,Hans-Adolf.Ritter@killer-kg.de,DE28831959871907051301
Eckhart,Rädel,Tröst Kramer GmbH,Rittergasse,1/4,60946,Burglengenfeld,21-11-1997,2010-10-27,+49(0)8751 494070,Eckhart.Rädel@tröst-kramer-gmbh.de,DE38261155288065155259
Valerie,Hertrampf,Holzapfel,Arif-Söding-Straße,604,92522,Grimmen,17-10-1995,2007-02-26,+49(0)4281 08153,Valerie.Hertrampf@holzapfel.de,DE27708739247765083689
Gunhild,Dörr,Stolze OHG mbH,Sonia-Loos-Platz,0/3,82989,Jüterbog,15-08-1999,2011-12-25,01073 60205,Gunhild.Dörr@stolze-ohg-mbh.de,DE37446126481790130995
Ingetraud,Martin,Schüler e.G.,Vassilios-Müller-Platz,89,96138,Wetzlar,27-04-1992,2009-09-11,+49(0)1305 539967,Ingetraud.Martin@schüler-e-g-.de,DE54507699544085454911
Kai-Uwe,Gumprich,Wirth,Martin-Lindner-Platz,84,58444,Helmstedt,29-04-1972,2009-06-24,+49(0)4075979068,Kai-Uwe.Gumprich@wirth.de,DE11196368792882355884
Dora,Heidrich,Jacobi Jäckel,Weimerallee,802,74292,Witzenhausen,13-10-1973,2009-03-03,(01563) 60825,Dora.Heidrich@jacobi-jäckel.de,DE37222950841173577654
Franz-Peter,Döring,Gorlitz Scheibe Stiftung & Co. KGaA,Ricardo-Siering-Weg,8/7,68983,Witzenhausen,01-04-1996,2019-01-31,+49(0)0322 79458,Franz-Peter.Döring@gorlitz-scheibe-stiftung-co-kgaa.de,DE70904740126451940625
Birger,Hermighausen,Trub,Linkegasse,395,92964,Gotha,29-08-1988,2007-10-03,(08718) 704924,Birger.Hermighausen@trub.de,DE32363771846948102966
Friedemann,Schüler,Birnbaum Stiebitz KG,Hagen-Christoph-Allee,3/6,35322,Eisenberg,16-05-1970,2009-11-15,+49(0)3100944571,Friedemann.Schüler@birnbaum-stiebitz-kg.de,DE79527921862859886536
Natalja,Dehmel,Pieper,Walterweg,9,69973,Berlin,03-01-1977,2012-03-22,+49(0)4348750427,Natalja.Dehmel@pieper.de,DE24060015161058939841
Danny,Binner,Stoll,Hannes-Schmidt-Ring,825,90081,Sömmerda,20-10-1988,2015-06-08,+49 (0) 9846 116826,Danny.Binner@stoll.de,DE55246427608812776787
Ivonne,Margraf,Schäfer Hoffmann GmbH & Co. OHG,Krebsgasse,352,32276,Melsungen,10-07-1992,2009-08-20,+49 (0) 2705 574581,Ivonne.Margraf@schäfer-hoffmann-gmbh-co-ohg.de,DE60529568071169248167
Miodrag,Lachmann,Lange GmbH & Co. KG,Jungferring,51,79417,Rostock,01-05-1984,2019-11-05,+49(0)6522 93603,Miodrag.Lachmann@lange-gmbh-co-kg.de,DE73256299366997336924
Blanka,Wilms,Röhrdanz Stadelmann GmbH & Co. KGaA,Schäferstr.,60,59572,Gräfenhainichen,18-04-1985,2008-06-08,07899 21290,Blanka.Wilms@röhrdanz-stadelmann-gmbh-co-kgaa.de,DE93509504210749693589
Elwira,Metz,Hörle Metz GbR,Schinkestraße,063,68148,Dinkelsbühl,18-06-1997,2014-11-15,+49(0)5138 97731,Elwira.Metz@hörle-metz-gbr.de,DE69518342083623794311
Nora,Nohlmans,Otto AG & Co. KG,Violetta-Wulf-Weg,93,00538,Geithain,12-03-1973,2001-12-08,+49 (0) 1204 172823,Nora.Nohlmans@otto-ag-co-kg.de,DE95530799234468567065
Saban,Heß,Hiller,Apostolos-Wieloch-Platz,06,71667,Stadtroda,22-02-1993,2015-03-03,+49(0)2214 88268,Saban.Heß@hiller.de,DE15102374001405419012
Stephan,Rohleder,Täsche Rogge GmbH & Co. KG,Klaus-D.-Peukert-Platz,018,95450,Stuttgart,08-11-1980,2014-07-28,+49(0) 158476766,Stephan.Rohleder@täsche-rogge-gmbh-co-kg.de,DE55807658052865549400
Vesna,Börner,Stumpf,Aldo-Holsten-Allee,1/3,06674,Soltau,24-12-1990,2006-02-12,+49 (0) 0642 957773,Vesna.Börner@stumpf.de,DE30605050967394583751
Manja,Niemeier,Gnatz Boucsein OHG mbH,Schusterstr.,832,03175,Hohenmölsen,10-02-1987,2008-07-03,+49 (0) 3583 706426,Manja.Niemeier@gnatz-boucsein-ohg-mbh.de,DE77286832361980205982
Stephan,Holsten,Fliegner,Börnerstraße,631,24946,Wertingen,30-04-1976,2016-02-20,(00955) 69449,Stephan.Holsten@fliegner.de,DE12104144708994347661
Gretchen,Wilms,Beier GmbH & Co. KG,Slobodan-Trubin-Straße,6,03319,Jüterbog,25-03-1989,2005-04-27,05851 75288,Gretchen.Wilms@beier-gmbh-co-kg.de,DE03301722992264533706
Gregor,Sager,Schenk,Annette-Trommler-Gasse,6/2,85864,Pinneberg,24-06-1992,2018-02-11,02176106662,Gregor.Sager@schenk.de,DE08976608621404832637
Julian,Stiebitz,Fiebig e.G.,Erhardt-Hoffmann-Ring,1,82265,Delitzsch,07-05-1981,2018-09-05,(09513) 124129,Julian.Stiebitz@fiebig-e-g-.de,DE03526285126935941072
Waldemar,Henck,Jähn Schwital e.G.,Albina-Pölitz-Straße,09,51118,Lemgo,16-01-1985,2005-01-03,+49(0)6817 682420,Waldemar.Henck@jähn-schwital-e-g-.de,DE54037054962157429687
Rena,Bloch,Mitschke Niemeier AG,Hethurring,81,27820,Calau,28-08-1980,2003-10-06,07979745035,Rena.Bloch@mitschke-niemeier-ag.de,DE87558660057023761070
Helga,Stey,Gotthard Kostolzin OHG mbH,Lidia-Briemer-Gasse,6/0,54409,Erfurt,20-08-1978,2007-10-29,+49(0)3308769729,Helga.Stey@gotthard-kostolzin-ohg-mbh.de,DE64707065127130661211
Caterina,Karz,Schüler Schaaf GmbH,Börnerallee,9/5,91388,Rothenburg ob der Tauber,08-06-1970,2006-02-04,+49(0)9295241305,Caterina.Karz@schüler-schaaf-gmbh.de,DE75760863057229571875
Peer,Hornich,Gertz,Hettnerplatz,9/6,55089,Aurich,18-12-1974,2016-01-16,+49(0)9602 64373,Peer.Hornich@gertz.de,DE19914045689463280287
Frederic,Gutknecht,Wulf Stiftung & Co. KG,Tamara-Kruschwitz-Straße,7,13146,Helmstedt,30-07-1972,2008-11-14,+49(0)3723 19912,Frederic.Gutknecht@wulf-stiftung-co-kg.de,DE89878088210890821313
Rebecca,Mielcarek,Winkler,Dörte-Franke-Gasse,2/5,17201,Brand,17-05-1975,2007-09-18,+49(0)4477 225270,Rebecca.Mielcarek@winkler.de,DE37316160759995215509
Burkhard,Schleich,Häring,Hajo-Gute-Allee,6,70018,Herzberg,05-12-1983,2001-07-23,0454640343,Burkhard.Schleich@häring.de,DE36334766748699119645
Adalbert,Kobelt,Mielcarek GmbH & Co. KG,Bertram-Löffler-Weg,4,19041,Neustadt am Rübenberge,19-05-1996,2012-09-13,03296803324,Adalbert.Kobelt@mielcarek-gmbh-co-kg.de,DE72579843123020440622
Kreszenz,Beer,Pölitz Bachmann Stiftung & Co. KGaA,Siegried-Heuser-Weg,9/6,38117,Greiz,28-06-1995,2008-12-17,00659 51662,Kreszenz.Beer@pölitz-bachmann-stiftung-co-kgaa.de,DE63688863014458344794
Birthe,Rädel,Klingelhöfer GmbH,Dehmelallee,7/4,65198,Göppingen,28-08-1975,2008-09-15,+49(0) 209550847,Birthe.Rädel@klingelhöfer-gmbh.de,DE35694795049873765646
Agathe,Lübs,Rädel KG,Hans-Werner-Oestrovsky-Straße,7/1,75712,Mayen,26-03-1996,2009-01-27,(04644) 716357,Agathe.Lübs@rädel-kg.de,DE05782861796035551193
Theres,Walter,Kohl AG,Scheelweg,0/1,15901,Gunzenhausen,04-01-1974,2013-10-12,+49(0)4803 042418,Theres.Walter@kohl-ag.de,DE37038986670895389064
Viviane,Budig,Aumann OHG mbH,Kruschwitzgasse,259,91032,Marktheidenfeld,29-05-1987,2011-01-09,+49(0) 563055288,Viviane.Budig@aumann-ohg-mbh.de,DE09447402225274919588
Telse,Bähr,Gorlitz,Mustafa-Gerlach-Straße,37,99125,Pinneberg,30-01-1990,2002-07-27,+49 (0) 7698 282404,Telse.Bähr@gorlitz.de,DE15558630672637754993
Anna,Scholtz,Scholl,Giorgio-Gieß-Straße,3/4,70470,Paderborn,29-04-1971,2017-10-11,+49 (0) 1574 647157,Anna.Scholtz@scholl.de,DE98149461654156136584
Leyla,Ruppersberger,Wulf KGaA,Abdul-Wulf-Weg,22,80007,Pößneck,13-10-1970,2008-02-03,+49(0)0781 606852,Leyla.Ruppersberger@wulf-kgaa.de,DE34847642552055990730
Tom,Weihmann,Jopich GmbH & Co. KG,Schustergasse,8,62221,Magdeburg,18-07-1990,2010-11-21,+49 (0) 7368 009351,Tom.Weihmann@jopich-gmbh-co-kg.de,DE46028038396570199248
Susana,Meyer,Henschel KG,Rohlederstraße,6/2,41316,Beeskow,02-04-1970,2003-04-16,+49(0)2675967459,Susana.Meyer@henschel-kg.de,DE47509661743674550481
Kunigunde,Mende,Beier AG,Hahnring,4,23619,Meppen,31-07-1993,2004-10-10,02706579268,Kunigunde.Mende@beier-ag.de,DE91778669489188365330
Reinhard,Ernst,Siering,Agathe-Heintze-Platz,64,10155,Füssen,26-07-1986,2005-07-26,0673657267,Reinhard.Ernst@siering.de,DE27182969218477063202
Eggert,Ziegert,Schweitzer GmbH,Viktor-Bähr-Allee,2,27078,Mainburg,05-07-1999,2016-11-19,+49(0) 416561031,Eggert.Ziegert@schweitzer-gmbh.de,DE10348738630887312267
Sabina,Loos,Bender Kohl GmbH & Co. KGaA,Heidrichweg,39,56002,Vohenstrauß,18-11-1983,2010-06-22,+49(0)9667 555220,Sabina.Loos@bender-kohl-gmbh-co-kgaa.de,DE56369149582889235889
Ehrenfried,Rädel,Schacht Wirth AG,Friedrich-Wilhelm-Kühnert-Straße,0,58756,Cloppenburg,19-10-1975,2002-12-22,+49(0)1654353831,Ehrenfried.Rädel@schacht-wirth-ag.de,DE98392780943965884391
Ana,Scholtz,Paffrath Schleich e.V.,Marliese-Trüb-Allee,5/6,43513,Einbeck,18-06-1985,2013-12-01,+49 (0) 8129 314357,Ana.Scholtz@paffrath-schleich-e-v-.de,DE70924842304615595703
Goran,Girschner,Dowerg Steinberg GmbH,Hartmannstr.,7/9,19592,Kyritz,29-02-1976,2016-04-26,08511 97130,Goran.Girschner@dowerg-steinberg-gmbh.de,DE13616318974218100152
